belnr,line_count,bukrs,gjahr,usnam,blart,budat,dmbtr_sum,dmbtr_max,vendor_group,ae_error_max,risk_score_max,risk_level,reason,action
100000005,8,C001,2022,1,0,2022-02-07,35072.0,6912.0,벤더 거래,214.83911,78,고위험,업무 프로세스와 문서유형 조합이 전례 없음 | 동일 문서유형 내 금액이 평균 대비 유의미한 이상 (z=3.2),해당 전표의 승인 권한 및 프로세스 경로 확인 필요 / 유사 거래 대비 금액 적정성 검토 필요
1900000002,18,USA1,2022,18,5,2022-02-07,34620.0,9040.0,벤더 없는 거래 유형,3.1094675,77,고위험,"동일 문서유형 내 금액이 평균 대비 극단적 이상 (z=5.9) | 현지통화와 문서통화 금액 차이 발생 (차이: 1,040) | 해당 사용자의 평소 전기 패턴에서 5.5σ 이탈",유사 거래 대비 금액 적정성 검토 필요 / 환율 적용 기준 및 환차손익 처리 적정성 확인 필요 / 해당 사용자의 접근 권한 및 해당 시간대 업무 필요성 확인 필요
9200000000,2,USA1,2022,18,0,2022-02-07,800.0,400.0,벤더 거래,238.26782,75,고위험,업무 프로세스와 문서유형 조합이 전례 없음 | 해당 사용자의 평소 전기 패턴에서 3.6σ 이탈,해당 전표의 승인 권한 및 프로세스 경로 확인 필요 / 해당 사용자의 접근 권한 및 해당 시간대 업무 필요성 확인 필요
1600000001,4,C005,2022,1,1,2022-02-02,1187.88,296.97,벤더 없는 거래 유형,222.5887,70,고위험,업무 프로세스와 문서유형 조합이 전례 없음,해당 전표의 승인 권한 및 프로세스 경로 확인 필요
1600000000,4,C005,2022,1,1,2022-02-02,672.0,168.0,벤더 없는 거래 유형,216.80782,70,고위험,업무 프로세스와 문서유형 조합이 전례 없음,해당 전표의 승인 권한 및 프로세스 경로 확인 필요
100000008,8,C001,2022,1,0,2022-02-14,11824.0,3456.0,벤더 없는 거래 유형,213.8412,70,고위험,업무 프로세스와 문서유형 조합이 전례 없음,해당 전표의 승인 권한 및 프로세스 경로 확인 필요
90000269,8,C001,2022,2,9,2022-03-15,1430000.0,325000.0,벤더 없는 거래 유형,5.204126,70,고위험,"동일 문서유형 내 금액이 평균 대비 극단적 이상 (z=85.6) | 금액이 1,000 단위 정수 (비정상 반올림 의심)",유사 거래 대비 금액 적정성 검토 필요 / 실제 청구서/계약서 금액과 대조 필요
90000462,11,C001,2022,17,9,2022-03-10,146664.0,28353.6,벤더 없는 거래 유형,3.5352285,70,고위험,"동일 문서유형 내 금액이 평균 대비 극단적 이상 (z=6.8) | 금액이 1,000 단위 정수 (비정상 반올림 의심)",유사 거래 대비 금액 적정성 검토 필요 / 실제 청구서/계약서 금액과 대조 필요
5000015259,2,EU01,2018,4,12,2018-04-16,14144382000.0,7072191000.0,벤더 거래,3.188343,70,고위험,"동일 문서유형 내 금액이 평균 대비 극단적 이상 (z=31.8) | 금액이 1,000 단위 정수 (비정상 반올림 의심)",유사 거래 대비 금액 적정성 검토 필요 / 실제 청구서/계약서 금액과 대조 필요
4900000577,4,C001,2022,17,13,2022-03-18,400000.0,100000.0,벤더 없는 거래 유형,1.9583098,70,고위험,"동일 문서유형 내 금액이 평균 대비 극단적 이상 (z=41.7) | 금액이 1,000 단위 정수 (비정상 반올림 의심)",유사 거래 대비 금액 적정성 검토 필요 / 실제 청구서/계약서 금액과 대조 필요
4900000578,4,C001,2022,17,13,2022-03-18,400000.0,100000.0,벤더 없는 거래 유형,1.9583098,70,고위험,"동일 문서유형 내 금액이 평균 대비 극단적 이상 (z=41.7) | 금액이 1,000 단위 정수 (비정상 반올림 의심)",유사 거래 대비 금액 적정성 검토 필요 / 실제 청구서/계약서 금액과 대조 필요
4900000579,4,C001,2022,17,13,2022-03-18,400000.0,100000.0,벤더 없는 거래 유형,1.9583098,70,고위험,"동일 문서유형 내 금액이 평균 대비 극단적 이상 (z=41.7) | 금액이 1,000 단위 정수 (비정상 반올림 의심)",유사 거래 대비 금액 적정성 검토 필요 / 실제 청구서/계약서 금액과 대조 필요
4900000584,4,C001,2022,17,13,2022-03-19,160000.0,40000.0,벤더 없는 거래 유형,1.3811582,69,중위험,"동일 문서유형 내 금액이 평균 대비 극단적 이상 (z=16.6) | 금액이 1,000 단위 정수 (비정상 반올림 의심)",유사 거래 대비 금액 적정성 검토 필요 / 실제 청구서/계약서 금액과 대조 필요
4900000071,2,USA1,2020,11,11,2020-03-07,2000.0,1000.0,벤더 없는 거래 유형,352.35983,65,중위험,"문서일자가 전기일보다 730일 앞선 역전 발생 | 금액이 1,000 단위 정수 (비정상 반올림 의심)",회계 기간 소급 전기 여부 확인 필요 (backdating 의심) / 실제 청구서/계약서 금액과 대조 필요
4900000074,2,USA1,2020,11,13,2020-04-06,2000.0,1000.0,벤더 없는 거래 유형,326.58636,65,중위험,"문서일자가 전기일보다 700일 앞선 역전 발생 | 금액이 1,000 단위 정수 (비정상 반올림 의심)",회계 기간 소급 전기 여부 확인 필요 (backdating 의심) / 실제 청구서/계약서 금액과 대조 필요
4900000160,11,USA1,2022,4,11,2022-04-02,238887531233.56,98979205395.78,벤더 없는 거래 유형,32.448616,65,중위험,동일 문서유형 내 금액이 평균 대비 극단적 이상 (z=17.0),유사 거래 대비 금액 적정성 검토 필요
4900000098,8,EU01,2022,4,11,2022-04-02,264763870380.0,76290857020.0,벤더 없는 거래 유형,18.605627,65,중위험,동일 문서유형 내 금액이 평균 대비 극단적 이상 (z=13.1),유사 거래 대비 금액 적정성 검토 필요
4900000097,8,EU01,2022,4,11,2022-04-02,316108939040.0,76266408750.0,벤더 없는 거래 유형,18.59002,65,중위험,동일 문서유형 내 금액이 평균 대비 극단적 이상 (z=13.1),유사 거래 대비 금액 적정성 검토 필요
4900000156,9,USA1,2022,4,11,2022-04-02,209316226705.1,95234187535.55,벤더 없는 거래 유형,16.186716,65,중위험,동일 문서유형 내 금액이 평균 대비 극단적 이상 (z=16.4),유사 거래 대비 금액 적정성 검토 필요
90000589,17,C001,2022,17,9,2022-03-22,213904.33000000002,41266.37,벤더 없는 거래 유형,7.150642,65,중위험,동일 문서유형 내 금액이 평균 대비 극단적 이상 (z=7.7),유사 거래 대비 금액 적정성 검토 필요
5000015270,2,EU01,2018,4,12,2018-04-28,19769638500.0,9884819250.0,벤더 거래,3.3091455,65,중위험,동일 문서유형 내 금액이 평균 대비 극단적 이상 (z=44.4),유사 거래 대비 금액 적정성 검토 필요
5000015901,2,EU01,2018,4,12,2018-06-18,20558393100.0,10279196550.0,벤더 거래,3.1168444,65,중위험,동일 문서유형 내 금액이 평균 대비 극단적 이상 (z=46.2),유사 거래 대비 금액 적정성 검토 필요
5000015895,2,EU01,2018,4,12,2018-06-19,19841995800.0,9920997900.0,벤더 거래,2.9243505,65,중위험,동일 문서유형 내 금액이 평균 대비 극단적 이상 (z=44.6),유사 거래 대비 금액 적정성 검토 필요
5000015260,2,EU01,2018,4,12,2018-04-24,18496537200.0,9248268600.0,벤더 거래,2.7337694,65,중위험,동일 문서유형 내 금액이 평균 대비 극단적 이상 (z=41.5),유사 거래 대비 금액 적정성 검토 필요
5000015899,2,EU01,2018,4,12,2018-07-27,18645971400.0,9322985700.0,벤더 거래,2.674871,65,중위험,동일 문서유형 내 금액이 평균 대비 극단적 이상 (z=41.9),유사 거래 대비 금액 적정성 검토 필요
5000015261,2,EU01,2018,4,12,2018-04-19,17911804500.0,8955902250.0,벤더 거래,2.6309304,65,중위험,동일 문서유형 내 금액이 평균 대비 극단적 이상 (z=40.2),유사 거래 대비 금액 적정성 검토 필요
5000015263,2,EU01,2018,4,12,2018-05-22,18051961500.0,9025980750.0,벤더 거래,2.6241465,65,중위험,동일 문서유형 내 금액이 평균 대비 극단적 이상 (z=40.5),유사 거래 대비 금액 적정성 검토 필요
4900000026,6,EU01,2022,4,11,2022-03-30,147367489850.0,44087806500.0,벤더 없는 거래 유형,2.599414,65,중위험,동일 문서유형 내 금액이 평균 대비 극단적 이상 (z=7.5),유사 거래 대비 금액 적정성 검토 필요
5000015900,2,EU01,2018,4,12,2018-06-04,17812266300.0,8906133150.0,벤더 거래,2.548758,65,중위험,동일 문서유형 내 금액이 평균 대비 극단적 이상 (z=40.0),유사 거래 대비 금액 적정성 검토 필요
90000411,12,C001,2022,21,9,2022-03-15,372552.7,60152.95,벤더 없는 거래 유형,2.4621706,65,중위험,동일 문서유형 내 금액이 평균 대비 극단적 이상 (z=15.6),유사 거래 대비 금액 적정성 검토 필요
5000015268,2,EU01,2018,4,12,2018-04-22,15018246900.0,7509123450.0,벤더 거래,2.4449022,65,중위험,동일 문서유형 내 금액이 평균 대비 극단적 이상 (z=33.7),유사 거래 대비 금액 적정성 검토 필요
5000015262,2,EU01,2018,4,12,2018-04-17,16635948300.0,8317974150.0,벤더 거래,2.3920445,65,중위험,동일 문서유형 내 금액이 평균 대비 극단적 이상 (z=37.4),유사 거래 대비 금액 적정성 검토 필요
5000015257,2,EU01,2018,4,12,2018-05-27,14927568300.0,7463784150.0,벤더 거래,2.3806388,65,중위험,동일 문서유형 내 금액이 평균 대비 극단적 이상 (z=33.5),유사 거래 대비 금액 적정성 검토 필요
5000015896,2,EU01,2018,4,12,2018-06-24,11517579900.0,5758789950.0,벤더 거래,2.2306414,65,중위험,동일 문서유형 내 금액이 평균 대비 극단적 이상 (z=25.9),유사 거래 대비 금액 적정성 검토 필요
90000388,13,C001,2022,21,9,2022-03-15,208731.9,28156.7,벤더 없는 거래 유형,2.2113984,65,중위험,동일 문서유형 내 금액이 평균 대비 극단적 이상 (z=6.4),유사 거래 대비 금액 적정성 검토 필요
5000015256,2,EU01,2018,4,12,2018-05-21,15167603700.0,7583801850.0,벤더 거래,2.1584697,65,중위험,동일 문서유형 내 금액이 평균 대비 극단적 이상 (z=34.1),유사 거래 대비 금액 적정성 검토 필요
5000015873,2,EU01,2018,4,12,2018-07-24,15772913100.0,7886456550.0,벤더 거래,2.1498075,65,중위험,동일 문서유형 내 금액이 평균 대비 극단적 이상 (z=35.4),유사 거래 대비 금액 적정성 검토 필요
90000406,12,C001,2022,21,9,2022-03-15,353354.98,56953.33,벤더 없는 거래 유형,2.1432521,65,중위험,동일 문서유형 내 금액이 평균 대비 극단적 이상 (z=14.7),유사 거래 대비 금액 적정성 검토 필요
5000015267,2,EU01,2018,4,12,2018-04-13,13367158200.0,6683579100.0,벤더 거래,2.107262,65,중위험,동일 문서유형 내 금액이 평균 대비 극단적 이상 (z=30.0),유사 거래 대비 금액 적정성 검토 필요
5000015266,2,EU01,2018,4,12,2018-05-23,14021183700.0,7010591850.0,벤더 거래,2.0921402,65,중위험,동일 문서유형 내 금액이 평균 대비 극단적 이상 (z=31.5),유사 거래 대비 금액 적정성 검토 필요
5000015897,2,EU01,2018,4,12,2018-06-15,14522604300.0,7261302150.0,벤더 거래,2.0657156,65,중위험,동일 문서유형 내 금액이 평균 대비 극단적 이상 (z=32.6),유사 거래 대비 금액 적정성 검토 필요
5000015258,2,EU01,2018,4,12,2018-05-25,12676382100.0,6338191050.0,벤더 거래,2.0179718,65,중위험,동일 문서유형 내 금액이 평균 대비 극단적 이상 (z=28.5),유사 거래 대비 금액 적정성 검토 필요
5000015885,2,EU01,2018,4,12,2018-07-17,14394100500.0,7197050250.0,벤더 거래,2.0116642,65,중위험,동일 문서유형 내 금액이 평균 대비 극단적 이상 (z=32.3),유사 거래 대비 금액 적정성 검토 필요
5000015872,2,EU01,2018,4,12,2018-07-17,13846163400.0,6923081700.0,벤더 거래,1.9903024,65,중위험,동일 문서유형 내 금액이 평균 대비 극단적 이상 (z=31.1),유사 거래 대비 금액 적정성 검토 필요
5000015264,2,EU01,2018,4,12,2018-05-25,11046155400.0,5523077700.0,벤더 거래,1.9640574,65,중위험,동일 문서유형 내 금액이 평균 대비 극단적 이상 (z=24.8),유사 거래 대비 금액 적정성 검토 필요
5000015265,2,EU01,2018,4,12,2018-05-29,10809005400.0,5404502700.0,벤더 거래,1.9594932,65,중위험,동일 문서유형 내 금액이 평균 대비 극단적 이상 (z=24.3),유사 거래 대비 금액 적정성 검토 필요
5000015269,2,EU01,2018,4,12,2018-05-04,9505334700.0,4752667350.0,벤더 거래,1.9537545,65,중위험,동일 문서유형 내 금액이 평균 대비 극단적 이상 (z=21.3),유사 거래 대비 금액 적정성 검토 필요
1400000034,4,C001,2022,1,3,2022-03-18,401119.52,100279.88,벤더 없는 거래 유형,1.9491622,65,중위험,동일 문서유형 내 금액이 평균 대비 극단적 이상 (z=6.6),유사 거래 대비 금액 적정성 검토 필요
5000015898,2,EU01,2018,4,12,2018-06-27,11872762200.0,5936381100.0,벤더 거래,1.9361248,65,중위험,동일 문서유형 내 금액이 평균 대비 극단적 이상 (z=26.6),유사 거래 대비 금액 적정성 검토 필요
90000403,12,C001,2022,21,9,2022-03-15,314959.48,50554.08,벤더 없는 거래 유형,1.836998,65,중위험,동일 문서유형 내 금액이 평균 대비 극단적 이상 (z=13.0),유사 거래 대비 금액 적정성 검토 필요
5000016552,2,EU01,2018,4,12,2018-09-25,9877249800.0,4938624900.0,벤더 거래,1.7673293,65,중위험,동일 문서유형 내 금액이 평균 대비 극단적 이상 (z=22.2),유사 거래 대비 금액 적정성 검토 필요
90000400,12,C001,2022,21,9,2022-03-15,276563.98,44154.83,벤더 없는 거래 유형,1.744296,65,중위험,동일 문서유형 내 금액이 평균 대비 극단적 이상 (z=11.3),유사 거래 대비 금액 적정성 검토 필요
90000397,12,C001,2022,21,9,2022-03-15,257366.19999999998,40955.2,벤더 없는 거래 유형,1.7350332,65,중위험,동일 문서유형 내 금액이 평균 대비 극단적 이상 (z=10.5),유사 거래 대비 금액 적정성 검토 필요
90001226,4,C001,2022,21,9,2022-03-29,109950.76000000001,28796.63,벤더 없는 거래 유형,1.6141645,65,중위험,동일 문서유형 내 금액이 평균 대비 극단적 이상 (z=7.3),유사 거래 대비 금액 적정성 검토 필요
90000395,4,C001,2022,17,9,2022-03-15,109371.64,27985.82,벤더 없는 거래 유형,1.5950254,65,중위험,동일 문서유형 내 금액이 평균 대비 극단적 이상 (z=7.1),유사 거래 대비 금액 적정성 검토 필요
90000408,4,C001,2022,17,9,2022-03-15,368680.32,94340.16,벤더 없는 거래 유형,1.5695819,65,중위험,동일 문서유형 내 금액이 평균 대비 극단적 이상 (z=24.6),유사 거래 대비 금액 적정성 검토 필요
4900000586,4,C001,2022,17,13,2022-03-19,92000.0,23000.0,벤더 없는 거래 유형,1.2271101,63,중위험,"동일 문서유형 내 금액이 평균 대비 극단적 이상 (z=9.4) | 금액이 1,000 단위 정수 (비정상 반올림 의심)",유사 거래 대비 금액 적정성 검토 필요 / 실제 청구서/계약서 금액과 대조 필요
4900000585,4,C001,2022,17,13,2022-03-19,80000.0,20000.0,벤더 없는 거래 유형,1.2100455,63,중위험,"동일 문서유형 내 금액이 평균 대비 극단적 이상 (z=8.2) | 금액이 1,000 단위 정수 (비정상 반올림 의심)",유사 거래 대비 금액 적정성 검토 필요 / 실제 청구서/계약서 금액과 대조 필요
1900000001,25,EU01,2022,18,5,2022-02-07,32620.0,3520.0,벤더 없는 거래 유형,2.9482248,62,중위험,현지통화와 문서통화 금액 차이 발생 (차이: 480) | 해당 사용자의 평소 전기 패턴에서 5.5σ 이탈,환율 적용 기준 및 환차손익 처리 적정성 확인 필요 / 해당 사용자의 접근 권한 및 해당 시간대 업무 필요성 확인 필요
1900000000,35,EU01,2022,18,5,2022-02-07,24020.0,1600.0,벤더 없는 거래 유형,2.8712847,62,중위험,"현지통화와 문서통화 금액 차이 발생 (차이: 4,300) | 해당 사용자의 평소 전기 패턴에서 5.5σ 이탈",환율 적용 기준 및 환차손익 처리 적정성 확인 필요 / 해당 사용자의 접근 권한 및 해당 시간대 업무 필요성 확인 필요
5000017709,2,USA1,2018,19,12,2018-04-25,9888837300.0,4944418650.0,벤더 거래,1.3072872,61,중위험,동일 문서유형 내 금액이 평균 대비 극단적 이상 (z=22.2),유사 거래 대비 금액 적정성 검토 필요
4900000075,2,USA1,2020,11,13,2020-04-06,4.0,2.0,벤더 없는 거래 유형,361.81888,60,중위험,문서일자가 전기일보다 700일 앞선 역전 발생,회계 기간 소급 전기 여부 확인 필요 (backdating 의심)
4900000077,2,USA1,2020,11,13,2020-04-09,4.0,2.0,벤더 없는 거래 유형,358.9339,60,중위험,문서일자가 전기일보다 697일 앞선 역전 발생,회계 기간 소급 전기 여부 확인 필요 (backdating 의심)
4900000076,2,USA1,2020,11,13,2020-04-09,4.0,2.0,벤더 없는 거래 유형,358.40485,60,중위험,문서일자가 전기일보다 697일 앞선 역전 발생,회계 기간 소급 전기 여부 확인 필요 (backdating 의심)
4900000078,2,USA1,2020,11,13,2020-04-09,4.0,2.0,벤더 없는 거래 유형,358.40485,60,중위험,문서일자가 전기일보다 697일 앞선 역전 발생,회계 기간 소급 전기 여부 확인 필요 (backdating 의심)
5000018774,2,USA1,2018,4,12,2018-09-29,15740395200.0,7870197600.0,벤더 거래,1.2502109,59,중위험,동일 문서유형 내 금액이 평균 대비 극단적 이상 (z=35.3),유사 거래 대비 금액 적정성 검토 필요
5000018775,2,USA1,2018,4,12,2018-09-16,16368402600.0,8184201300.0,벤더 거래,1.2468265,59,중위험,동일 문서유형 내 금액이 평균 대비 극단적 이상 (z=36.8),유사 거래 대비 금액 적정성 검토 필요
90001224,4,C001,2022,21,9,2022-03-29,97734.0,25597.0,벤더 없는 거래 유형,1.2457739,59,중위험,동일 문서유형 내 금액이 평균 대비 극단적 이상 (z=6.4),유사 거래 대비 금액 적정성 검토 필요
4900000161,12,USA1,2022,4,11,2022-04-02,116083087128.06,25241657664.25,벤더 없는 거래 유형,2.3426383,58,중위험,동일 문서유형 내 금액이 평균 대비 유의미한 이상 (z=4.0),유사 거래 대비 금액 적정성 검토 필요
4900000157,12,USA1,2022,4,11,2022-04-02,118437883808.18,26255970842.93,벤더 없는 거래 유형,2.0987968,58,중위험,동일 문서유형 내 금액이 평균 대비 유의미한 이상 (z=4.1),유사 거래 대비 금액 적정성 검토 필요
4900000158,12,USA1,2022,4,11,2022-04-02,117545734863.96,27852220736.13,벤더 없는 거래 유형,1.6544375,58,중위험,동일 문서유형 내 금액이 평균 대비 유의미한 이상 (z=4.7),유사 거래 대비 금액 적정성 검토 필요
4900000162,12,USA1,2022,4,11,2022-04-02,106911983950.86,25890150709.75,벤더 없는 거래 유형,1.4854572,58,중위험,동일 문서유형 내 금액이 평균 대비 유의미한 이상 (z=4.3),유사 거래 대비 금액 적정성 검토 필요
5000017715,2,USA1,2018,19,12,2018-05-06,19382225400.0,9691112700.0,벤더 거래,1.2178994,58,중위험,동일 문서유형 내 금액이 평균 대비 극단적 이상 (z=43.5),유사 거래 대비 금액 적정성 검토 필요
1800000002,13,C001,2022,1,2,2022-03-09,14476.0,2200.0,벤더 없는 거래 유형,2.003785,57,중위험,현지통화와 문서통화 금액 차이 발생 (차이: 231),환율 적용 기준 및 환차손익 처리 적정성 확인 필요
1900000003,12,C001,2022,1,5,2022-02-11,20700.0,3200.0,벤더 거래,1.8719321,57,중위험,현지통화와 문서통화 금액 차이 발생 (차이: 60),환율 적용 기준 및 환차손익 처리 적정성 확인 필요
1900000009,5,C001,2022,1,5,2022-02-15,5708.25,1141.65,벤더 거래,1.8657082,57,중위험,현지통화와 문서통화 금액 차이 발생 (차이: 142),환율 적용 기준 및 환차손익 처리 적정성 확인 필요
1900000004,5,C001,2022,1,5,2022-02-11,470.0,94.0,벤더 거래,1.8656542,57,중위험,현지통화와 문서통화 금액 차이 발생 (차이: 6),환율 적용 기준 및 환차손익 처리 적정성 확인 필요
1400000008,14,C003,2022,1,3,2022-03-22,22730.68,4430.25,벤더 없는 거래 유형,1.7571297,57,중위험,현지통화와 문서통화 금액 차이 발생 (차이: 249),환율 적용 기준 및 환차손익 처리 적정성 확인 필요
4900000008,2,EU01,2022,11,13,2022-01-25,1760.0,880.0,벤더 거래,1.7147255,57,중위험,현지통화와 문서통화 금액 차이 발생 (차이: 120),환율 적용 기준 및 환차손익 처리 적정성 확인 필요
4900000004,3,EU01,2022,11,13,2022-01-24,552.0,200.0,벤더 거래,1.6379806,57,중위험,현지통화와 문서통화 금액 차이 발생 (차이: 24),환율 적용 기준 및 환차손익 처리 적정성 확인 필요
4900000002,6,EU01,2022,19,13,2022-01-23,1764.0,880.0,벤더 거래,1.6131433,57,중위험,현지통화와 문서통화 금액 차이 발생 (차이: 120),환율 적용 기준 및 환차손익 처리 적정성 확인 필요
4900000003,2,EU01,2022,19,13,2022-01-23,1760.0,880.0,벤더 거래,1.6023182,57,중위험,현지통화와 문서통화 금액 차이 발생 (차이: 120),환율 적용 기준 및 환차손익 처리 적정성 확인 필요
4900000009,2,EU01,2022,11,13,2022-01-25,1760.0,880.0,벤더 거래,1.5578445,57,중위험,현지통화와 문서통화 금액 차이 발생 (차이: 120),환율 적용 기준 및 환차손익 처리 적정성 확인 필요
4900000005,6,EU01,2022,20,13,2022-01-24,1764.0,880.0,벤더 거래,1.5546895,57,중위험,현지통화와 문서통화 금액 차이 발생 (차이: 120),환율 적용 기준 및 환차손익 처리 적정성 확인 필요
90000033,10,EU01,2022,11,9,2022-01-28,36202.4,9000.0,벤더 없는 거래 유형,1.5088215,57,중위험,현지통화와 문서통화 금액 차이 발생 (차이: 1),환율 적용 기준 및 환차손익 처리 적정성 확인 필요
1500000001,18,C001,2022,1,6,2022-02-17,21336.0,3200.0,벤더 거래,1.4705968,57,중위험,현지통화와 문서통화 금액 차이 발생 (차이: 66),환율 적용 기준 및 환차손익 처리 적정성 확인 필요
1500000002,6,C001,2022,1,6,2022-02-17,4566.6,1141.65,벤더 거래,1.4689367,57,중위험,현지통화와 문서통화 금액 차이 발생 (차이: 142),환율 적용 기준 및 환차손익 처리 적정성 확인 필요
90000046,4,EU01,2022,11,9,2022-02-07,15248.0,7536.0,벤더 없는 거래 유형,1.4584738,57,중위험,현지통화와 문서통화 금액 차이 발생 (차이: 12),환율 적용 기준 및 환차손익 처리 적정성 확인 필요
90000030,10,EU01,2022,11,9,2022-01-25,3982.94,825.0,벤더 없는 거래 유형,1.4546762,57,중위험,현지통화와 문서통화 금액 차이 발생 (차이: 11),환율 적용 기준 및 환차손익 처리 적정성 확인 필요
90000040,2,EU01,2022,11,9,2022-02-06,176.0,88.0,벤더 없는 거래 유형,1.442598,57,중위험,현지통화와 문서통화 금액 차이 발생 (차이: 12),환율 적용 기준 및 환차손익 처리 적정성 확인 필요
90000050,2,EU01,2022,20,9,2022-02-09,176.0,88.0,벤더 없는 거래 유형,1.4040445,57,중위험,현지통화와 문서통화 금액 차이 발생 (차이: 12),환율 적용 기준 및 환차손익 처리 적정성 확인 필요
5000017708,2,USA1,2018,19,12,2018-04-19,11906095500.0,5953047750.0,벤더 거래,1.178157,57,중위험,동일 문서유형 내 금액이 평균 대비 극단적 이상 (z=26.7),유사 거래 대비 금액 적정성 검토 필요
90000393,13,C001,2022,21,9,2022-03-15,253526.65,34555.95,벤더 없는 거래 유형,1.8674132,55,중위험,동일 문서유형 내 금액이 평균 대비 극단적 이상 (z=8.0),유사 거래 대비 금액 적정성 검토 필요
1800000000,31,C002,2022,1,2,2022-02-04,42952.5,7500.0,벤더 없는 거래 유형,1.8019094,55,중위험,"금액이 1,000 단위 정수 (비정상 반올림 의심)",실제 청구서/계약서 금액과 대조 필요
90000007,9,C004,2022,17,9,2022-01-31,77350.0,15470.0,벤더 없는 거래 유형,1.6901718,55,중위험,"금액이 1,000 단위 정수 (비정상 반올림 의심)",실제 청구서/계약서 금액과 대조 필요
5105600121,7,C001,2022,17,8,2022-02-01,24000.0,4800.0,벤더 없는 거래 유형,1.6151614,55,중위험,"금액이 1,000 단위 정수 (비정상 반올림 의심)",실제 청구서/계약서 금액과 대조 필요
90000034,11,C003,2022,17,9,2022-02-17,67600.8,13500.0,벤더 없는 거래 유형,1.5136505,55,중위험,"금액이 1,000 단위 정수 (비정상 반올림 의심)",실제 청구서/계약서 금액과 대조 필요
100000000,28,C001,2022,1,10,2022-01-03,46985.2,6912.0,벤더 없는 거래 유형,1.4631048,55,중위험,"금액이 1,000 단위 정수 (비정상 반올림 의심)",실제 청구서/계약서 금액과 대조 필요
5000017711,2,USA1,2018,19,12,2018-05-24,12205096200.0,6102548100.0,벤더 거래,1.1419557,55,중위험,동일 문서유형 내 금액이 평균 대비 극단적 이상 (z=27.4),유사 거래 대비 금액 적정성 검토 필요
5000017710,2,USA1,2018,19,12,2018-04-25,13717101600.0,6858550800.0,벤더 거래,1.1347244,55,중위험,동일 문서유형 내 금액이 평균 대비 극단적 이상 (z=30.8),유사 거래 대비 금액 적정성 검토 필요
5000017707,2,USA1,2018,19,12,2018-04-19,14276776500.0,7138388250.0,벤더 거래,1.1301949,55,중위험,동일 문서유형 내 금액이 평균 대비 극단적 이상 (z=32.1),유사 거래 대비 금액 적정성 검토 필요
90000391,13,C001,2022,21,9,2022-03-15,231129.31,31356.33,벤더 없는 거래 유형,1.7737721,54,중위험,동일 문서유형 내 금액이 평균 대비 극단적 이상 (z=7.2),유사 거래 대비 금액 적정성 검토 필요
90000019,9,C004,2022,17,9,2022-01-31,65450.0,13090.0,벤더 없는 거래 유형,1.4011518,54,중위험,"금액이 1,000 단위 정수 (비정상 반올림 의심)",실제 청구서/계약서 금액과 대조 필요
1800000001,17,C002,2022,1,2,2022-02-17,18500.0,2200.0,벤더 없는 거래 유형,1.3963001,54,중위험,"금액이 1,000 단위 정수 (비정상 반올림 의심)",실제 청구서/계약서 금액과 대조 필요
5000017713,2,USA1,2018,19,12,2018-05-29,14310802800.0,7155401400.0,벤더 거래,1.103926,54,중위험,동일 문서유형 내 금액이 평균 대비 극단적 이상 (z=32.1),유사 거래 대비 금액 적정성 검토 필요
5000017718,2,USA1,2018,19,12,2018-05-01,15061659300.0,7530829650.0,벤더 거래,1.1025021,54,중위험,동일 문서유형 내 금액이 평균 대비 극단적 이상 (z=33.8),유사 거래 대비 금액 적정성 검토 필요
5000017703,2,USA1,2018,19,12,2018-05-29,15013225800.0,7506612900.0,벤더 거래,1.102451,54,중위험,동일 문서유형 내 금액이 평균 대비 극단적 이상 (z=33.7),유사 거래 대비 금액 적정성 검토 필요
5105600117,7,C001,2022,17,8,2022-02-01,24000.0,4800.0,벤더 없는 거래 유형,1.3481963,53,중위험,"금액이 1,000 단위 정수 (비정상 반올림 의심)",실제 청구서/계약서 금액과 대조 필요
90000101,4,C002,2022,17,9,2022-03-10,88307.5,22250.0,벤더 없는 거래 유형,1.0894219,53,중위험,동일 문서유형 내 금액이 평균 대비 극단적 이상 (z=5.5),유사 거래 대비 금액 적정성 검토 필요
5000017714,2,USA1,2018,19,12,2018-05-22,15717642300.0,7858821150.0,벤더 거래,1.0778689,53,중위험,동일 문서유형 내 금액이 평균 대비 극단적 이상 (z=35.3),유사 거래 대비 금액 적정성 검토 필요
5000018773,2,USA1,2018,4,12,2018-09-25,15230236500.0,7615118250.0,벤더 거래,1.0649681,53,중위험,동일 문서유형 내 금액이 평균 대비 극단적 이상 (z=34.2),유사 거래 대비 금액 적정성 검토 필요
4900000407,4,C001,2022,17,13,2022-03-15,60000.0,15000.0,벤더 없는 거래 유형,0.9337838,53,중위험,"동일 문서유형 내 금액이 평균 대비 극단적 이상 (z=6.1) | 금액이 1,000 단위 정수 (비정상 반올림 의심)",유사 거래 대비 금액 적정성 검토 필요 / 실제 청구서/계약서 금액과 대조 필요
5100029219,2,USA1,2022,13,8,2022-01-23,476156144.52,239274444.48,벤더 없는 거래 유형,0.8517218,52,중위험,"동일 문서유형 내 금액이 평균 대비 극단적 이상 (z=9.8) | 현지통화와 문서통화 금액 차이 발생 (차이: 27,251,877)",유사 거래 대비 금액 적정성 검토 필요 / 환율 적용 기준 및 환차손익 처리 적정성 확인 필요
5000017716,2,USA1,2018,19,12,2018-04-19,20218348800.0,10109174400.0,벤더 거래,1.0303382,51,중위험,동일 문서유형 내 금액이 평균 대비 극단적 이상 (z=45.4),유사 거래 대비 금액 적정성 검토 필요
5000017717,2,USA1,2018,19,12,2018-04-13,20094857100.0,10047428550.0,벤더 거래,1.0271753,51,중위험,동일 문서유형 내 금액이 평균 대비 극단적 이상 (z=45.1),유사 거래 대비 금액 적정성 검토 필요
4900000086,7,EU01,2022,4,11,2022-04-02,19968530481.38,9957077738.69,벤더 없는 거래 유형,35.5292,50,중위험,다중 피처 복합 패턴 — 원본 전표 검토 권고,"전표 전체 라인 및 관련 문서(PO, 청구서) 종합 검토 필요"
4900000095,2,EU01,2022,4,11,2022-04-02,19922953464.0,9961476732.0,벤더 없는 거래 유형,35.494488,50,중위험,다중 피처 복합 패턴 — 원본 전표 검토 권고,"전표 전체 라인 및 관련 문서(PO, 청구서) 종합 검토 필요"
4900000153,6,USA1,2022,4,11,2022-04-02,19966754446.18,9953170453.59,벤더 없는 거래 유형,32.707245,50,중위험,다중 피처 복합 패턴 — 원본 전표 검토 권고,"전표 전체 라인 및 관련 문서(PO, 청구서) 종합 검토 필요"
4800000001,6,EU01,2022,4,7,2022-04-02,216469447290.0,68891619555.0,벤더 없는 거래 유형,17.794975,50,중위험,다중 피처 복합 패턴 — 원본 전표 검토 권고,"전표 전체 라인 및 관련 문서(PO, 청구서) 종합 검토 필요"
4800000002,8,EU01,2022,4,7,2022-04-02,332443320056.0,68869616112.0,벤더 없는 거래 유형,17.754284,50,중위험,다중 피처 복합 패턴 — 원본 전표 검토 권고,"전표 전체 라인 및 관련 문서(PO, 청구서) 종합 검토 필요"
5105600114,7,C005,2022,17,8,2022-02-01,15.75,3.15,벤더 거래,11.376461,50,중위험,다중 피처 복합 패턴 — 원본 전표 검토 권고,"전표 전체 라인 및 관련 문서(PO, 청구서) 종합 검토 필요"
5105600115,7,C005,2022,17,8,2022-02-01,5.25,1.05,벤더 거래,11.350539,50,중위험,다중 피처 복합 패턴 — 원본 전표 검토 권고,"전표 전체 라인 및 관련 문서(PO, 청구서) 종합 검토 필요"
4900000090,12,EU01,2022,4,11,2022-04-02,15464648162.0,4448013720.0,벤더 없는 거래 유형,3.6011899,50,중위험,다중 피처 복합 패턴 — 원본 전표 검토 권고,"전표 전체 라인 및 관련 문서(PO, 청구서) 종합 검토 필요"
4900000093,12,EU01,2022,4,11,2022-04-02,15698972588.0,4333200813.0,벤더 없는 거래 유형,3.3158598,50,중위험,다중 피처 복합 패턴 — 원본 전표 검토 권고,"전표 전체 라인 및 관련 문서(PO, 청구서) 종합 검토 필요"
4900000155,5,USA1,2022,4,11,2022-04-02,3005138730.0,1401587865.0,벤더 없는 거래 유형,1.553066,50,중위험,다중 피처 복합 패턴 — 원본 전표 검토 권고,"전표 전체 라인 및 관련 문서(PO, 청구서) 종합 검토 필요"
5105600106,7,C003,2022,17,8,2022-01-26,750.0,150.0,벤더 거래,1.5505339,50,중위험,다중 피처 복합 패턴 — 원본 전표 검토 권고,"전표 전체 라인 및 관련 문서(PO, 청구서) 종합 검토 필요"
5105600107,7,C003,2022,17,8,2022-01-26,9000.0,1800.0,벤더 거래,1.4690869,50,중위험,다중 피처 복합 패턴 — 원본 전표 검토 권고,"전표 전체 라인 및 관련 문서(PO, 청구서) 종합 검토 필요"
5000017706,2,USA1,2018,19,12,2018-05-25,19595625300.0,9797812650.0,벤더 거래,0.99049854,50,중위험,동일 문서유형 내 금액이 평균 대비 극단적 이상 (z=44.0),유사 거래 대비 금액 적정성 검토 필요
5000017704,2,USA1,2018,19,12,2018-05-21,18105765300.0,9052882650.0,벤더 거래,0.9899898,50,중위험,동일 문서유형 내 금액이 평균 대비 극단적 이상 (z=40.7),유사 거래 대비 금액 적정성 검토 필요
5000017705,2,USA1,2018,19,12,2018-05-24,18581736600.0,9290868300.0,벤더 거래,0.9792653,50,중위험,동일 문서유형 내 금액이 평균 대비 극단적 이상 (z=41.7),유사 거래 대비 금액 적정성 검토 필요
5000017712,2,USA1,2018,19,12,2018-05-18,18629157600.0,9314578800.0,벤더 거래,0.9782898,50,중위험,동일 문서유형 내 금액이 평균 대비 극단적 이상 (z=41.8),유사 거래 대비 금액 적정성 검토 필요
100000006,11,C001,2022,1,10,2022-02-07,41984.0,6912.0,벤더 거래,1.3855163,49,중위험,다중 피처 복합 패턴 — 원본 전표 검토 권고,"전표 전체 라인 및 관련 문서(PO, 청구서) 종합 검토 필요"
90000031,16,C004,2022,17,9,2022-02-17,59201.0,10710.0,벤더 없는 거래 유형,1.254727,49,중위험,"금액이 1,000 단위 정수 (비정상 반올림 의심)",실제 청구서/계약서 금액과 대조 필요
100000004,11,C001,2022,1,10,2022-02-07,42884.0,6912.0,벤더 거래,1.3470472,48,중위험,다중 피처 복합 패턴 — 원본 전표 검토 권고,"전표 전체 라인 및 관련 문서(PO, 청구서) 종합 검토 필요"
5000018022,2,USA1,2018,19,12,2018-07-29,10529985600.0,5264992800.0,벤더 거래,0.94427514,48,중위험,동일 문서유형 내 금액이 평균 대비 극단적 이상 (z=23.6),유사 거래 대비 금액 적정성 검토 필요
4900000132,4,C005,2022,7,13,2022-03-18,183.6,45.9,벤더 없는 거래 유형,1.3289841,47,중위험,다중 피처 복합 패턴 — 원본 전표 검토 권고,"전표 전체 라인 및 관련 문서(PO, 청구서) 종합 검토 필요"
4900000131,4,C005,2022,7,13,2022-03-18,367.2,91.8,벤더 없는 거래 유형,1.3194485,47,중위험,다중 피처 복합 패턴 — 원본 전표 검토 권고,"전표 전체 라인 및 관련 문서(PO, 청구서) 종합 검토 필요"
4900000096,2,EU01,2022,4,11,2022-04-02,2207061312.0,1103530656.0,벤더 없는 거래 유형,1.3194307,47,중위험,다중 피처 복합 패턴 — 원본 전표 검토 권고,"전표 전체 라인 및 관련 문서(PO, 청구서) 종합 검토 필요"
4800000000,2,EU01,2022,4,7,2022-04-02,174277374500.0,87138687250.0,벤더 없는 거래 유형,1.3112488,46,중위험,다중 피처 복합 패턴 — 원본 전표 검토 권고,"전표 전체 라인 및 관련 문서(PO, 청구서) 종합 검토 필요"
90000008,17,C004,2022,17,9,2022-01-31,47460.0,6912.0,벤더 없는 거래 유형,1.1504353,46,중위험,"금액이 1,000 단위 정수 (비정상 반올림 의심)",실제 청구서/계약서 금액과 대조 필요
90000463,4,C001,2022,17,9,2022-03-16,73804.8,18902.4,벤더 없는 거래 유형,0.9306442,46,중위험,"동일 문서유형 내 금액이 평균 대비 유의미한 이상 (z=4.4) | 금액이 1,000 단위 정수 (비정상 반올림 의심)",유사 거래 대비 금액 적정성 검토 필요 / 실제 청구서/계약서 금액과 대조 필요
5100029289,2,USA1,2022,13,8,2022-01-10,466432873.65,234388378.72,벤더 거래,0.6718733,46,중위험,"동일 문서유형 내 금액이 평균 대비 극단적 이상 (z=9.7) | 현지통화와 문서통화 금액 차이 발생 (차이: 26,965,035)",유사 거래 대비 금액 적정성 검토 필요 / 환율 적용 기준 및 환차손익 처리 적정성 확인 필요
90000020,9,C004,2022,17,9,2022-01-31,13090.0,2618.0,벤더 없는 거래 유형,1.1426663,45,중위험,"금액이 1,000 단위 정수 (비정상 반올림 의심)",실제 청구서/계약서 금액과 대조 필요
5000018034,2,USA1,2018,19,12,2018-07-28,14550822900.0,7275411450.0,벤더 거래,0.86099094,45,중위험,동일 문서유형 내 금액이 평균 대비 극단적 이상 (z=32.7),유사 거래 대비 금액 적정성 검토 필요
5105600111,7,C004,2022,17,8,2022-01-31,1785.0,357.0,벤더 거래,1.2604481,44,중위험,다중 피처 복합 패턴 — 원본 전표 검토 권고,"전표 전체 라인 및 관련 문서(PO, 청구서) 종합 검토 필요"
5105600112,7,C004,2022,17,8,2022-01-31,595.0,119.0,벤더 거래,1.253474,44,중위험,다중 피처 복합 패턴 — 원본 전표 검토 권고,"전표 전체 라인 및 관련 문서(PO, 청구서) 종합 검토 필요"
90000001,9,C004,2022,17,9,2022-01-31,47600.0,9520.0,벤더 없는 거래 유형,1.1182414,44,중위험,"금액이 1,000 단위 정수 (비정상 반올림 의심)",실제 청구서/계약서 금액과 대조 필요
100000014,10,C001,2022,1,10,2022-03-28,17824.0,3456.0,벤더 거래,1.1093264,44,중위험,"금액이 1,000 단위 정수 (비정상 반올림 의심)",실제 청구서/계약서 금액과 대조 필요
5000018033,2,USA1,2018,19,12,2018-07-21,15665859000.0,7832929500.0,벤더 거래,0.8337752,44,중위험,동일 문서유형 내 금액이 평균 대비 극단적 이상 (z=35.2),유사 거래 대비 금액 적정성 검토 필요
5100029512,2,USA1,2021,13,8,2021-12-26,410500964.52,206281891.72,벤더 없는 거래 유형,0.6259319,44,중위험,"동일 문서유형 내 금액이 평균 대비 극단적 이상 (z=8.5) | 현지통화와 문서통화 금액 차이 발생 (차이: 20,758,557)",유사 거래 대비 금액 적정성 검토 필요 / 환율 적용 기준 및 환차손익 처리 적정성 확인 필요
5100022258,2,USA1,2020,13,8,2020-03-15,479416389.97,240724585.76,벤더 거래,0.61634994,44,중위험,"동일 문서유형 내 금액이 평균 대비 극단적 이상 (z=10.0) | 현지통화와 문서통화 금액 차이 발생 (차이: 24,471,230)",유사 거래 대비 금액 적정성 검토 필요 / 환율 적용 기준 및 환차손익 처리 적정성 확인 필요
100000001,24,C005,2022,1,10,2022-01-29,38037.0,6912.0,벤더 없는 거래 유형,1.2188345,43,중위험,다중 피처 복합 패턴 — 원본 전표 검토 권고,"전표 전체 라인 및 관련 문서(PO, 청구서) 종합 검토 필요"
5100029082,2,USA1,2022,13,8,2022-01-06,447093356.55999994,224670028.42,벤더 거래,0.60481817,43,중위험,"동일 문서유형 내 금액이 평균 대비 극단적 이상 (z=9.3) | 현지통화와 문서통화 금액 차이 발생 (차이: 25,846,994)",유사 거래 대비 금액 적정성 검토 필요 / 환율 적용 기준 및 환차손익 처리 적정성 확인 필요
5100028959,2,USA1,2021,13,8,2021-10-30,481824486.63,241933748.61,벤더 거래,0.5989103,43,중위험,"동일 문서유형 내 금액이 평균 대비 극단적 이상 (z=10.1) | 현지통화와 문서통화 금액 차이 발생 (차이: 24,592,197)",유사 거래 대비 금액 적정성 검토 필요 / 환율 적용 기준 및 환차손익 처리 적정성 확인 필요
5100029197,2,USA1,2022,13,8,2022-01-01,394500882.39,198241649.44,벤더 거래,0.594151,43,중위험,"동일 문서유형 내 금액이 평균 대비 극단적 이상 (z=8.2) | 현지통화와 문서통화 금액 차이 발생 (차이: 22,806,561)",유사 거래 대비 금액 적정성 검토 필요 / 환율 적용 기준 및 환차손익 처리 적정성 확인 필요
5100025538,2,USA1,2021,13,8,2021-01-24,443379893.59000003,222629946.57,벤더 없는 거래 유형,0.59301424,43,중위험,"동일 문서유형 내 금액이 평균 대비 극단적 이상 (z=9.2) | 현지통화와 문서통화 금액 차이 발생 (차이: 22,749,995)",유사 거래 대비 금액 적정성 검토 필요 / 환율 적용 기준 및 환차손익 처리 적정성 확인 필요
5100029524,2,USA1,2021,13,8,2021-12-19,375113071.79,188499031.05,벤더 없는 거래 유형,0.5883655,43,중위험,"동일 문서유형 내 금액이 평균 대비 극단적 이상 (z=7.7) | 현지통화와 문서통화 금액 차이 발생 (차이: 18,969,033)",유사 거래 대비 금액 적정성 검토 필요 / 환율 적용 기준 및 환차손익 처리 적정성 확인 필요
5100026180,2,USA1,2021,13,8,2021-02-06,453919022.89,227921854.99,벤더 없는 거래 유형,0.5881452,43,중위험,"동일 문서유형 내 금액이 평균 대비 극단적 이상 (z=9.4) | 현지통화와 문서통화 금액 차이 발생 (차이: 23,290,761)",유사 거래 대비 금액 적정성 검토 필요 / 환율 적용 기준 및 환차손익 처리 적정성 확인 필요
5100026146,2,USA1,2021,13,8,2021-03-11,487182760.54,244624245.52,벤더 거래,0.5874175,43,중위험,"동일 문서유형 내 금액이 평균 대비 극단적 이상 (z=10.2) | 현지통화와 문서통화 금액 차이 발생 (차이: 24,865,682)",유사 거래 대비 금액 적정성 검토 필요 / 환율 적용 기준 및 환차손익 처리 적정성 확인 필요
5100026083,2,USA1,2021,13,8,2021-03-21,418059335.25,209915985.85,벤더 거래,0.5867051,43,중위험,"동일 문서유형 내 금액이 평균 대비 극단적 이상 (z=8.7) | 현지통화와 문서통화 금액 차이 발생 (차이: 21,337,640)",유사 거래 대비 금액 적정성 검토 필요 / 환율 적용 기준 및 환차손익 처리 적정성 확인 필요
90000334,13,C001,2022,2,9,2022-03-15,103402.0,14586.0,벤더 없는 거래 유형,1.192057,42,중위험,다중 피처 복합 패턴 — 원본 전표 검토 권고,"전표 전체 라인 및 관련 문서(PO, 청구서) 종합 검토 필요"
5105600113,7,C004,2022,17,8,2022-01-31,12941.25,2588.25,벤더 거래,1.1794428,42,중위험,다중 피처 복합 패턴 — 원본 전표 검토 권고,"전표 전체 라인 및 관련 문서(PO, 청구서) 종합 검토 필요"
90000013,9,C004,2022,17,9,2022-01-31,41650.0,8330.0,벤더 없는 거래 유형,1.0501219,42,중위험,"금액이 1,000 단위 정수 (비정상 반올림 의심)",실제 청구서/계약서 금액과 대조 필요
90000009,14,C003,2022,17,9,2022-01-25,96560.0,18000.0,벤더 없는 거래 유형,0.8228371,42,중위험,"동일 문서유형 내 금액이 평균 대비 유의미한 이상 (z=4.4) | 금액이 1,000 단위 정수 (비정상 반올림 의심)",유사 거래 대비 금액 적정성 검토 필요 / 실제 청구서/계약서 금액과 대조 필요
100000012,10,C003,2022,17,0,2022-03-28,48399.0,10372.5,벤더 없는 거래 유형,0.7581442,42,중위험,동일 문서유형 내 금액이 평균 대비 극단적 이상 (z=5.1),유사 거래 대비 금액 적정성 검토 필요
5100022205,2,USA1,2020,13,8,2020-03-29,460987023.18,231470831.03,벤더 거래,0.5782743,42,중위험,"동일 문서유형 내 금액이 평균 대비 극단적 이상 (z=9.6) | 현지통화와 문서통화 금액 차이 발생 (차이: 23,530,525)",유사 거래 대비 금액 적정성 검토 필요 / 환율 적용 기준 및 환차손익 처리 적정성 확인 필요
5100029095,2,USA1,2022,13,8,2022-01-05,436375876.96000004,219284360.28,벤더 거래,0.56995773,42,중위험,"동일 문서유형 내 금액이 평균 대비 극단적 이상 (z=9.1) | 현지통화와 문서통화 금액 차이 발생 (차이: 25,227,404)",유사 거래 대비 금액 적정성 검토 필요 / 환율 적용 기준 및 환차손익 처리 적정성 확인 필요
5100028476,2,USA1,2021,13,8,2021-11-14,460373296.69,231162675.45,벤더 거래,0.5630191,42,중위험,"동일 문서유형 내 금액이 평균 대비 극단적 이상 (z=9.6) | 현지통화와 문서통화 금액 차이 발생 (차이: 23,497,333)",유사 거래 대비 금액 적정성 검토 필요 / 환율 적용 기준 및 환차손익 처리 적정성 확인 필요
5100018246,2,USA1,2019,13,8,2019-03-31,453607601.68,227765510.18,벤더 거래,0.5532419,42,중위험,"동일 문서유형 내 금액이 평균 대비 극단적 이상 (z=9.5) | 현지통화와 문서통화 금액 차이 발생 (차이: 23,146,502)",유사 거래 대비 금액 적정성 검토 필요 / 환율 적용 기준 및 환차손익 처리 적정성 확인 필요
90000271,13,C001,2022,2,9,2022-03-15,98397.0,13871.0,벤더 없는 거래 유형,1.1528276,41,중위험,다중 피처 복합 패턴 — 원본 전표 검토 권고,"전표 전체 라인 및 관련 문서(PO, 청구서) 종합 검토 필요"
100000054,4,C003,2022,17,0,2022-03-28,34100.0,10230.0,벤더 없는 거래 유형,0.7393529,41,중위험,동일 문서유형 내 금액이 평균 대비 극단적 이상 (z=5.1),유사 거래 대비 금액 적정성 검토 필요
5000018020,2,USA1,2018,19,12,2018-07-05,11910346200.0,5955173100.0,벤더 거래,0.7298626,41,중위험,동일 문서유형 내 금액이 평균 대비 극단적 이상 (z=26.7),유사 거래 대비 금액 적정성 검토 필요
5100029158,2,USA1,2021,13,8,2021-12-29,448044628.24,225148054.39,벤더 없는 거래 유형,0.54718316,41,중위험,"동일 문서유형 내 금액이 평균 대비 극단적 이상 (z=9.3) | 현지통화와 문서통화 금액 차이 발생 (차이: 22,657,097)",유사 거래 대비 금액 적정성 검토 필요 / 환율 적용 기준 및 환차손익 처리 적정성 확인 필요
5100022215,2,USA1,2020,13,8,2020-03-28,443179684.22,222529408.95,벤더 거래,0.54177976,41,중위험,"동일 문서유형 내 금액이 평균 대비 극단적 이상 (z=9.2) | 현지통화와 문서통화 금액 차이 발생 (차이: 22,621,571)",유사 거래 대비 금액 적정성 검토 필요 / 환율 적용 기준 및 환차손익 처리 적정성 확인 필요
5100022033,2,USA1,2020,13,8,2020-03-08,446108643.45,224000098.13,벤더 거래,0.5409047,41,중위험,"동일 문서유형 내 금액이 평균 대비 극단적 이상 (z=9.3) | 현지통화와 문서통화 금액 차이 발생 (차이: 22,771,076)",유사 거래 대비 금액 적정성 검토 필요 / 환율 적용 기준 및 환차손익 처리 적정성 확인 필요
5100028257,2,USA1,2021,13,8,2021-08-22,460616277.78999996,231284681.14,벤더 거래,0.5348777,41,중위험,"동일 문서유형 내 금액이 평균 대비 극단적 이상 (z=9.6) | 현지통화와 문서통화 금액 차이 발생 (차이: 23,509,735)",유사 거래 대비 금액 적정성 검토 필요 / 환율 적용 기준 및 환차손익 처리 적정성 확인 필요
5100029138,2,USA1,2021,13,8,2021-12-31,468221774.44,235103553.71,벤더 거래,0.5276547,41,중위험,"동일 문서유형 내 금액이 평균 대비 극단적 이상 (z=9.8) | 현지통화와 문서통화 금액 차이 발생 (차이: 23,897,918)",유사 거래 대비 금액 적정성 검토 필요 / 환율 적용 기준 및 환차손익 처리 적정성 확인 필요
5100026065,2,USA1,2021,13,8,2021-03-27,386933079.38,194286867.84,벤더 거래,0.5258763,41,중위험,"동일 문서유형 내 금액이 평균 대비 극단적 이상 (z=8.0) | 현지통화와 문서통화 금액 차이 발생 (차이: 19,748,964)",유사 거래 대비 금액 적정성 검토 필요 / 환율 적용 기준 및 환차손익 처리 적정성 확인 필요
5100026006,2,USA1,2021,13,8,2021-02-27,425514672.4,213659460.32,벤더 거래,0.52476346,41,중위험,"동일 문서유형 내 금액이 평균 대비 극단적 이상 (z=8.9) | 현지통화와 문서통화 금액 차이 발생 (차이: 21,718,158)",유사 거래 대비 금액 적정성 검토 필요 / 환율 적용 기준 및 환차손익 처리 적정성 확인 필요
4900000088,8,EU01,2022,4,11,2022-04-02,3116478711.4,1393610605.7,벤더 없는 거래 유형,1.1448506,40,중위험,다중 피처 복합 패턴 — 원본 전표 검토 권고,"전표 전체 라인 및 관련 문서(PO, 청구서) 종합 검토 필요"
4900000094,10,EU01,2022,4,11,2022-04-02,19846952947.059998,8164242643.53,벤더 없는 거래 유형,1.1232839,40,중위험,다중 피처 복합 패턴 — 원본 전표 검토 권고,"전표 전체 라인 및 관련 문서(PO, 청구서) 종합 검토 필요"
90000351,13,C001,2022,21,9,2022-03-15,110909.5,15658.5,벤더 없는 거래 유형,0.977154,40,중위험,동일 문서유형 내 금액이 평균 대비 유의미한 이상 (z=3.8),유사 거래 대비 금액 적정성 검토 필요
90000356,13,C001,2022,21,9,2022-03-15,113412.0,16016.0,벤더 없는 거래 유형,0.9639227,40,중위험,동일 문서유형 내 금액이 평균 대비 유의미한 이상 (z=3.9),유사 거래 대비 금액 적정성 검토 필요
4900000693,2,C001,2022,17,13,2022-03-22,22400.0,11200.0,벤더 없는 거래 유형,0.9197477,40,중위험,동일 문서유형 내 금액이 평균 대비 유의미한 이상 (z=4.5),유사 거래 대비 금액 적정성 검토 필요
4900000056,4,C001,2022,15,11,2022-01-24,8000.0,2000.0,벤더 없는 거래 유형,0.8632973,40,중위험,"금액이 1,000 단위 정수 (비정상 반올림 의심) | 해당 사용자의 평소 전기 패턴에서 3.1σ 이탈",실제 청구서/계약서 금액과 대조 필요 / 해당 사용자의 접근 권한 및 해당 시간대 업무 필요성 확인 필요
90000409,4,C001,2022,17,9,2022-03-15,73736.06,18868.03,벤더 없는 거래 유형,0.7571374,40,중위험,"동일 문서유형 내 금액이 평균 대비 유의미한 이상 (z=4.4) | 금액이 1,000 단위 정수 (비정상 반올림 의심)",유사 거래 대비 금액 적정성 검토 필요 / 실제 청구서/계약서 금액과 대조 필요
5100028558,2,USA1,2021,13,8,2021-11-07,441696180.22,221784520.28,벤더 거래,0.52347124,40,중위험,"동일 문서유형 내 금액이 평균 대비 극단적 이상 (z=9.2) | 현지통화와 문서통화 금액 차이 발생 (차이: 22,544,058)",유사 거래 대비 금액 적정성 검토 필요 / 환율 적용 기준 및 환차손익 처리 적정성 확인 필요
5100026841,2,USA1,2021,13,8,2021-04-18,440696526.78,221282574.22,벤더 거래,0.51658994,40,중위험,"동일 문서유형 내 금액이 평균 대비 극단적 이상 (z=9.2) | 현지통화와 문서통화 금액 차이 발생 (차이: 22,493,036)",유사 거래 대비 금액 적정성 검토 필요 / 환율 적용 기준 및 환차손익 처리 적정성 확인 필요
5100029628,2,USA1,2022,13,8,2022-04-10,436910141.87,219569587.3,벤더 거래,0.5138354,40,중위험,"동일 문서유형 내 금액이 평균 대비 극단적 이상 (z=9.1) | 현지통화와 문서통화 금액 차이 발생 (차이: 22,310,053)",유사 거래 대비 금액 적정성 검토 필요 / 환율 적용 기준 및 환차손익 처리 적정성 확인 필요
5100029448,2,USA1,2021,13,8,2021-12-04,248022142.99,124634242.71,벤더 없는 거래 유형,0.5135059,40,중위험,"동일 문서유형 내 금액이 평균 대비 극단적 이상 (z=5.0) | 현지통화와 문서통화 금액 차이 발생 (차이: 12,542,192)",유사 거래 대비 금액 적정성 검토 필요 / 환율 적용 기준 및 환차손익 처리 적정성 확인 필요
5100029392,2,USA1,2021,13,8,2021-12-03,414896332.88,208490619.54,벤더 없는 거래 유형,0.50554085,40,중위험,"동일 문서유형 내 금액이 평균 대비 극단적 이상 (z=8.5) | 현지통화와 문서통화 금액 차이 발생 (차이: 20,980,826)",유사 거래 대비 금액 적정성 검토 필요 / 환율 적용 기준 및 환차손익 처리 적정성 확인 필요
5100026014,2,USA1,2021,13,8,2021-02-26,476810005.15,239415876.78,벤더 없는 거래 유형,0.5036473,40,중위험,"동일 문서유형 내 금액이 평균 대비 극단적 이상 (z=9.9) | 현지통화와 문서통화 금액 차이 발생 (차이: 24,465,307)",유사 거래 대비 금액 적정성 검토 필요 / 환율 적용 기준 및 환차손익 처리 적정성 확인 필요
5100026910,2,USA1,2021,13,8,2021-04-10,434109717.85,217975205.21,벤더 거래,0.50268215,40,중위험,"동일 문서유형 내 금액이 평균 대비 극단적 이상 (z=9.0) | 현지통화와 문서통화 금액 차이 발생 (차이: 22,156,847)",유사 거래 대비 금액 적정성 검토 필요 / 환율 적용 기준 및 환차손익 처리 적정성 확인 필요
5100025291,2,USA1,2021,13,8,2021-01-17,402921659.24,202315054.8,벤더 거래,0.5022463,40,중위험,"동일 문서유형 내 금액이 평균 대비 극단적 이상 (z=8.4) | 현지통화와 문서통화 금액 차이 발생 (차이: 20,565,017)",유사 거래 대비 금액 적정성 검토 필요 / 환율 적용 기준 및 환차손익 처리 적정성 확인 필요
5100018190,2,USA1,2019,13,8,2019-03-10,422934769.42999995,212364063.51,벤더 거래,0.49772373,40,중위험,"동일 문서유형 내 금액이 평균 대비 극단적 이상 (z=8.8) | 현지통화와 문서통화 금액 차이 발생 (차이: 21,581,342)",유사 거래 대비 금액 적정성 검토 필요 / 환율 적용 기준 및 환차손익 처리 적정성 확인 필요
5100027894,2,USA1,2021,13,8,2021-09-26,438756202.8,220308298.59,벤더 거래,0.4938457,39,저위험,"동일 문서유형 내 금액이 평균 대비 극단적 이상 (z=9.1) | 현지통화와 문서통화 금액 차이 발생 (차이: 22,394,003)",유사 거래 대비 금액 적정성 검토 필요 / 환율 적용 기준 및 환차손익 처리 적정성 확인 필요
5100021774,2,USA1,2019,13,8,2019-12-01,401362907.79,201532397.43,벤더 거래,0.4934647,39,저위험,"동일 문서유형 내 금액이 평균 대비 극단적 이상 (z=8.3) | 현지통화와 문서통화 금액 차이 발생 (차이: 20,480,581)",유사 거래 대비 금액 적정성 검토 필요 / 환율 적용 기준 및 환차손익 처리 적정성 확인 필요
5100026125,2,USA1,2021,13,8,2021-03-14,364400929.0,182973022.74,벤더 거래,0.48844862,39,저위험,"동일 문서유형 내 금액이 평균 대비 극단적 이상 (z=7.5) | 현지통화와 문서통화 금액 차이 발생 (차이: 18,598,929)",유사 거래 대비 금액 적정성 검토 필요 / 환율 적용 기준 및 환차손익 처리 적정성 확인 필요
5100018315,2,USA1,2019,13,8,2019-03-17,416491244.65999997,209128639.98,벤더 거래,0.48674405,39,저위험,"동일 문서유형 내 금액이 평균 대비 극단적 이상 (z=8.7) | 현지통화와 문서통화 금액 차이 발생 (차이: 21,252,544)",유사 거래 대비 금액 적정성 검토 필요 / 환율 적용 기준 및 환차손익 처리 적정성 확인 필요
5100025332,2,USA1,2021,13,8,2021-01-10,394968140.32,198321433.26,벤더 거래,0.48602235,39,저위험,"동일 문서유형 내 금액이 평균 대비 극단적 이상 (z=8.2) | 현지통화와 문서통화 금액 차이 발생 (차이: 20,159,071)",유사 거래 대비 금액 적정성 검토 필요 / 환율 적용 기준 및 환차손익 처리 적정성 확인 필요
5100019238,2,USA1,2019,13,8,2019-04-21,475411628.57,238713751.1,벤더 거래,0.4826827,39,저위험,"동일 문서유형 내 금액이 평균 대비 극단적 이상 (z=9.9) | 현지통화와 문서통화 금액 차이 발생 (차이: 24,259,109)",유사 거래 대비 금액 적정성 검토 필요 / 환율 적용 기준 및 환차손익 처리 적정성 확인 필요
5100029320,2,USA1,2022,13,8,2022-01-14,405660523.87,203849509.48,벤더 거래,0.48144117,39,저위험,"동일 문서유형 내 금액이 평균 대비 극단적 이상 (z=8.4) | 현지통화와 문서통화 금액 차이 발생 (차이: 23,451,713)",유사 거래 대비 금액 적정성 검토 필요 / 환율 적용 기준 및 환차손익 처리 적정성 확인 필요
5100029109,2,USA1,2022,13,8,2022-01-09,347948744.73,174848615.44,벤더 거래,0.47976133,39,저위험,"동일 문서유형 내 금액이 평균 대비 극단적 이상 (z=7.2) | 현지통화와 문서통화 금액 차이 발생 (차이: 20,115,327)",유사 거래 대비 금액 적정성 검토 필요 / 환율 적용 기준 및 환차손익 처리 적정성 확인 필요
5100018523,2,USA1,2019,13,8,2019-02-10,452030852.07,226973792.45,벤더 거래,0.47636855,39,저위험,"동일 문서유형 내 금액이 평균 대비 극단적 이상 (z=9.4) | 현지통화와 문서통화 금액 차이 발생 (차이: 23,066,044)",유사 거래 대비 금액 적정성 검토 필요 / 환율 적용 기준 및 환차손익 처리 적정성 확인 필요
5100027625,2,USA1,2021,13,8,2021-06-26,431669567.15,216749956.55,벤더 거래,0.4758479,39,저위험,"동일 문서유형 내 금액이 평균 대비 극단적 이상 (z=9.0) | 현지통화와 문서통화 금액 차이 발생 (차이: 22,032,303)",유사 거래 대비 금액 적정성 검토 필요 / 환율 적용 기준 및 환차손익 처리 적정성 확인 필요
5100018008,2,USA1,2018,13,8,2018-12-22,381987214.43,191803559.35,벤더 거래,0.473477,39,저위험,"동일 문서유형 내 금액이 평균 대비 극단적 이상 (z=7.9) | 현지통화와 문서통화 금액 차이 발생 (차이: 19,473,317)",유사 거래 대비 금액 적정성 검토 필요 / 환율 적용 기준 및 환차손익 처리 적정성 확인 필요
5100029369,2,USA1,2021,13,8,2021-12-14,377331066.85,189613601.43,벤더 없는 거래 유형,0.46946564,39,저위험,"동일 문서유형 내 금액이 평균 대비 극단적 이상 (z=7.7) | 현지통화와 문서통화 금액 차이 발생 (차이: 19,081,194)",유사 거래 대비 금액 적정성 검토 필요 / 환율 적용 기준 및 환차손익 처리 적정성 확인 필요
5100026369,2,USA1,2021,13,8,2021-02-13,399723426.28999996,200709157.82,벤더 거래,0.4682978,39,저위험,"동일 문서유형 내 금액이 평균 대비 극단적 이상 (z=8.3) | 현지통화와 문서통화 금액 차이 발생 (차이: 20,401,780)",유사 거래 대비 금액 적정성 검토 필요 / 환율 적용 기준 및 환차손익 처리 적정성 확인 필요
5100019317,2,USA1,2019,13,8,2019-07-07,481142208.74,241591190.79,벤더 거래,0.4682635,39,저위험,"동일 문서유형 내 금액이 평균 대비 극단적 이상 (z=10.0) | 현지통화와 문서통화 금액 차이 발생 (차이: 24,551,527)",유사 거래 대비 금액 적정성 검토 필요 / 환율 적용 기준 및 환차손익 처리 적정성 확인 필요
100000007,9,C001,2022,1,10,2022-02-14,12924.0,3456.0,벤더 없는 거래 유형,1.0866338,38,저위험,다중 피처 복합 패턴 — 원본 전표 검토 권고,"전표 전체 라인 및 관련 문서(PO, 청구서) 종합 검토 필요"
90000026,2,C004,2022,17,9,2022-01-31,2000.0,1000.0,벤더 없는 거래 유형,0.94031996,38,저위험,"금액이 1,000 단위 정수 (비정상 반올림 의심)",실제 청구서/계약서 금액과 대조 필요
90000025,4,C004,2022,17,9,2022-01-31,14400.0,4000.0,벤더 없는 거래 유형,0.93496245,38,저위험,"금액이 1,000 단위 정수 (비정상 반올림 의심)",실제 청구서/계약서 금액과 대조 필요
5000018021,2,USA1,2018,19,12,2018-07-18,19624066200.0,9812033100.0,벤더 거래,0.64750504,38,저위험,동일 문서유형 내 금액이 평균 대비 극단적 이상 (z=44.1),유사 거래 대비 금액 적정성 검토 필요
5100023930,2,USA1,2020,13,8,2020-09-12,472385618.87,237194294.56,벤더 거래,0.46651405,38,저위험,"동일 문서유형 내 금액이 평균 대비 극단적 이상 (z=9.9) | 현지통화와 문서통화 금액 차이 발생 (차이: 24,112,353)",유사 거래 대비 금액 적정성 검토 필요 / 환율 적용 기준 및 환차손익 처리 적정성 확인 필요
5100021812,2,USA1,2019,13,8,2019-12-07,373089507.78,187335754.0,벤더 거래,0.4664337,38,저위험,"동일 문서유형 내 금액이 평균 대비 극단적 이상 (z=7.7) | 현지통화와 문서통화 금액 차이 발생 (차이: 19,037,858)",유사 거래 대비 금액 적정성 검토 필요 / 환율 적용 기준 및 환차손익 처리 적정성 확인 필요
5100029259,2,USA1,2022,13,8,2022-01-28,399244290.16999996,200625271.44,벤더 거래,0.46478555,38,저위험,"동일 문서유형 내 금액이 평균 대비 극단적 이상 (z=8.3) | 현지통화와 문서통화 금액 차이 발생 (차이: 23,080,783)",유사 거래 대비 금액 적정성 검토 필요 / 환율 적용 기준 및 환차손익 처리 적정성 확인 필요
5100029486,2,USA1,2021,13,8,2021-12-28,371585553.31,186726408.7,벤더 없는 거래 유형,0.46440652,38,저위험,"동일 문서유형 내 금액이 평균 대비 극단적 이상 (z=7.6) | 현지통화와 문서통화 금액 차이 발생 (차이: 18,790,650)",유사 거래 대비 금액 적정성 검토 필요 / 환율 적용 기준 및 환차손익 처리 적정성 확인 필요
5100028046,2,USA1,2021,13,8,2021-09-19,423464372.42999995,212629963.54,벤더 거래,0.4637753,38,저위험,"동일 문서유형 내 금액이 평균 대비 극단적 이상 (z=8.8) | 현지통화와 문서통화 금액 차이 발생 (차이: 21,613,512)",유사 거래 대비 금액 적정성 검토 필요 / 환율 적용 기준 및 환차손익 처리 적정성 확인 필요
5100024819,2,USA1,2020,13,8,2020-11-14,458400214.51,230171942.51,벤더 거래,0.4632359,38,저위험,"동일 문서유형 내 금액이 평균 대비 극단적 이상 (z=9.6) | 현지통화와 문서통화 금액 차이 발생 (차이: 23,398,485)",유사 거래 대비 금액 적정성 검토 필요 / 환율 적용 기준 및 환차손익 처리 적정성 확인 필요
5100026190,2,USA1,2021,13,8,2021-02-08,460291519.66999996,231121613.57,벤더 없는 거래 유형,0.4614759,38,저위험,"동일 문서유형 내 금액이 평균 대비 극단적 이상 (z=9.5) | 현지통화와 문서통화 금액 차이 발생 (차이: 23,617,737)",유사 거래 대비 금액 적정성 검토 필요 / 환율 적용 기준 및 환차손익 처리 적정성 확인 필요
5100018233,2,USA1,2019,13,8,2019-03-23,399490546.98,200592247.37,벤더 거래,0.46059325,38,저위험,"동일 문서유형 내 금액이 평균 대비 극단적 이상 (z=8.3) | 현지통화와 문서통화 금액 차이 발생 (차이: 20,385,039)",유사 거래 대비 금액 적정성 검토 필요 / 환율 적용 기준 및 환차손익 처리 적정성 확인 필요
5100029376,2,USA1,2021,13,8,2021-12-13,366619132.24,184230719.72,벤더 없는 거래 유형,0.4603556,38,저위험,"동일 문서유형 내 금액이 평균 대비 극단적 이상 (z=7.5) | 현지통화와 문서통화 금액 차이 발생 (차이: 18,539,504)",유사 거래 대비 금액 적정성 검토 필요 / 환율 적용 기준 및 환차손익 처리 적정성 확인 필요
5100018951,2,USA1,2019,13,8,2019-05-25,470370259.53,236182378.2,벤더 거래,0.45788935,38,저위험,"동일 문서유형 내 금액이 평균 대비 극단적 이상 (z=9.8) | 현지통화와 문서통화 금액 차이 발생 (차이: 24,001,860)",유사 거래 대비 금액 적정성 검토 필요 / 환율 적용 기준 및 환차손익 처리 적정성 확인 필요
5100017990,2,USA1,2018,13,8,2018-12-16,253931177.94,127504015.63,벤더 거래,0.45499882,38,저위험,"동일 문서유형 내 금액이 평균 대비 극단적 이상 (z=5.2) | 현지통화와 문서통화 금액 차이 발생 (차이: 12,945,152)",유사 거래 대비 금액 적정성 검토 필요 / 환율 적용 기준 및 환차손익 처리 적정성 확인 필요
5100029339,2,USA1,2021,13,8,2021-12-09,359248748.28999996,180527009.19,벤더 없는 거래 유형,0.45489618,38,저위험,"동일 문서유형 내 금액이 평균 대비 극단적 이상 (z=7.4) | 현지통화와 문서통화 금액 차이 발생 (차이: 18,166,792)",유사 거래 대비 금액 적정성 검토 필요 / 환율 적용 기준 및 환차손익 처리 적정성 확인 필요
5100021644,2,USA1,2020,13,8,2020-01-19,422728433.15999997,212260425.57,벤더 거래,0.45324254,38,저위험,"동일 문서유형 내 금액이 평균 대비 극단적 이상 (z=8.8) | 현지통화와 문서통화 금액 차이 발생 (차이: 21,577,662)",유사 거래 대비 금액 적정성 검토 필요 / 환율 적용 기준 및 환차손익 처리 적정성 확인 필요
5100017825,2,USA1,2018,13,8,2018-12-02,272647589.77,136901907.16,벤더 거래,0.4524308,38,저위험,"동일 문서유형 내 금액이 평균 대비 극단적 이상 (z=5.6) | 현지통화와 문서통화 금액 차이 발생 (차이: 13,899,295)",유사 거래 대비 금액 적정성 검토 필요 / 환율 적용 기준 및 환차손익 처리 적정성 확인 필요
5100029203,2,USA1,2022,13,8,2022-01-26,394180285.23,198080545.34,벤더 거래,0.4522361,38,저위험,"동일 문서유형 내 금액이 평균 대비 극단적 이상 (z=8.2) | 현지통화와 문서통화 금액 차이 발생 (차이: 22,788,027)",유사 거래 대비 금액 적정성 검토 필요 / 환율 적용 기준 및 환차손익 처리 적정성 확인 필요
5100021868,2,USA1,2019,13,8,2019-12-29,278915258.24,140048967.11,벤더 거래,0.4499402,38,저위험,"동일 문서유형 내 금액이 평균 대비 극단적 이상 (z=5.7) | 현지통화와 문서통화 금액 차이 발생 (차이: 14,232,373)",유사 거래 대비 금액 적정성 검토 필요 / 환율 적용 기준 및 환차손익 처리 적정성 확인 필요
5100024571,2,USA1,2020,13,8,2020-11-07,451460620.86,226687433.34,벤더 거래,0.4498879,38,저위험,"동일 문서유형 내 금액이 평균 대비 극단적 이상 (z=9.4) | 현지통화와 문서통화 금액 차이 발생 (차이: 23,044,261)",유사 거래 대비 금액 적정성 검토 필요 / 환율 적용 기준 및 환차손익 처리 적정성 확인 필요
5100017017,2,USA1,2018,13,8,2018-11-17,449030351.73,225467283.89,벤더 거래,0.44975895,38,저위험,"동일 문서유형 내 금액이 평균 대비 극단적 이상 (z=9.4) | 현지통화와 문서통화 금액 차이 발생 (차이: 22,891,108)",유사 거래 대비 금액 적정성 검토 필요 / 환율 적용 기준 및 환차손익 처리 적정성 확인 필요
5100029466,1,USA1,2021,13,8,2021-12-24,172324188.9,172324188.9,벤더 없는 거래 유형,0.4487652,38,저위험,"동일 문서유형 내 금액이 평균 대비 극단적 이상 (z=7.1) | 현지통화와 문서통화 금액 차이 발생 (차이: 17,516,491)",유사 거래 대비 금액 적정성 검토 필요 / 환율 적용 기준 및 환차손익 처리 적정성 확인 필요
5100029217,2,USA1,2022,13,8,2022-01-23,331577552.11,166621885.48,벤더 거래,0.44867504,38,저위험,"동일 문서유형 내 금액이 평균 대비 극단적 이상 (z=6.8) | 현지통화와 문서통화 금액 차이 발생 (차이: 19,168,889)",유사 거래 대비 금액 적정성 검토 필요 / 환율 적용 기준 및 환차손익 처리 적정성 확인 필요
5100016843,2,USA1,2018,13,8,2018-11-25,447960580.65,224930130.05,벤더 거래,0.4482848,38,저위험,"동일 문서유형 내 금액이 평균 대비 극단적 이상 (z=9.3) | 현지통화와 문서통화 금액 차이 발생 (차이: 22,836,572)",유사 거래 대비 금액 적정성 검토 필요 / 환율 적용 기준 및 환차손익 처리 적정성 확인 필요
5100029329,1,USA1,2021,13,8,2021-12-10,169640037.7,169640037.7,벤더 없는 거래 유형,0.44683146,38,저위험,"동일 문서유형 내 금액이 평균 대비 극단적 이상 (z=7.0) | 현지통화와 문서통화 금액 차이 발생 (차이: 17,243,651)",유사 거래 대비 금액 적정성 검토 필요 / 환율 적용 기준 및 환차손익 처리 적정성 확인 필요
5100021102,2,USA1,2019,13,8,2019-10-06,457841797.13,229891584.97,벤더 거래,0.4450155,38,저위험,"동일 문서유형 내 금액이 평균 대비 극단적 이상 (z=9.5) | 현지통화와 문서통화 금액 차이 발생 (차이: 23,362,563)",유사 거래 대비 금액 적정성 검토 필요 / 환율 적용 기준 및 환차손익 처리 적정성 확인 필요
5100017734,2,USA1,2018,13,8,2018-12-09,322906623.01,162137991.25,벤더 거래,0.44389072,38,저위험,"동일 문서유형 내 금액이 평균 대비 극단적 이상 (z=6.7) | 현지통화와 문서통화 금액 차이 발생 (차이: 16,461,449)",유사 거래 대비 금액 적정성 검토 필요 / 환율 적용 기준 및 환차손익 처리 적정성 확인 필요
5100029373,1,USA1,2021,13,8,2021-12-13,164676495.68,164676495.68,벤더 없는 거래 유형,0.44384474,38,저위험,"동일 문서유형 내 금액이 평균 대비 극단적 이상 (z=6.8) | 현지통화와 문서통화 금액 차이 발생 (차이: 16,739,115)",유사 거래 대비 금액 적정성 검토 필요 / 환율 적용 기준 및 환차손익 처리 적정성 확인 필요
5100029244,2,USA1,2022,13,8,2022-01-30,328454292.2,165052408.14,벤더 거래,0.4431953,38,저위험,"동일 문서유형 내 금액이 평균 대비 극단적 이상 (z=6.8) | 현지통화와 문서통화 금액 차이 발생 (차이: 18,988,330)",유사 거래 대비 금액 적정성 검토 필요 / 환율 적용 기준 및 환차손익 처리 적정성 확인 필요
5100025566,2,USA1,2021,13,8,2021-01-23,371793053.46000004,186684756.85,벤더 거래,0.4431537,38,저위험,"동일 문서유형 내 금액이 평균 대비 극단적 이상 (z=7.7) | 현지통화와 문서통화 금액 차이 발생 (차이: 18,976,221)",유사 거래 대비 금액 적정성 검토 필요 / 환율 적용 기준 및 환차손익 처리 적정성 확인 필요
5100029370,1,USA1,2021,13,8,2021-12-14,161276041.28,161276041.28,벤더 없는 거래 유형,0.44192287,38,저위험,"동일 문서유형 내 금액이 평균 대비 극단적 이상 (z=6.6) | 현지통화와 문서통화 금액 차이 발생 (차이: 16,393,464)",유사 거래 대비 금액 적정성 검토 필요 / 환율 적용 기준 및 환차손익 처리 적정성 확인 필요
5100020446,2,USA1,2019,13,8,2019-09-01,462198419.78,232079132.92,벤더 거래,0.4402949,38,저위험,"동일 문서유형 내 금액이 평균 대비 극단적 이상 (z=9.6) | 현지통화와 문서통화 금액 차이 발생 (차이: 23,584,871)",유사 거래 대비 금액 적정성 검토 필요 / 환율 적용 기준 및 환차손익 처리 적정성 확인 필요
5100029553,1,USA1,2021,13,8,2021-12-22,157151924.38,157151924.38,벤더 없는 거래 유형,0.43978405,38,저위험,"동일 문서유형 내 금액이 평균 대비 극단적 이상 (z=6.4) | 현지통화와 문서통화 금액 차이 발생 (차이: 15,974,253)",유사 거래 대비 금액 적정성 검토 필요 / 환율 적용 기준 및 환차손익 처리 적정성 확인 필요
5100029415,1,USA1,2021,13,8,2021-12-01,156531175.0,156531175.0,벤더 없는 거래 유형,0.43951836,38,저위험,"동일 문서유형 내 금액이 평균 대비 극단적 이상 (z=6.4) | 현지통화와 문서통화 금액 차이 발생 (차이: 15,911,155)",유사 거래 대비 금액 적정성 검토 필요 / 환율 적용 기준 및 환차손익 처리 적정성 확인 필요
5100022517,2,USA1,2020,13,8,2020-02-16,430155873.34000003,215989892.27,벤더 거래,0.43920082,38,저위험,"동일 문서유형 내 금액이 평균 대비 극단적 이상 (z=9.0) | 현지통화와 문서통화 금액 차이 발생 (차이: 21,956,786)",유사 거래 대비 금액 적정성 검토 필요 / 환율 적용 기준 및 환차손익 처리 적정성 확인 필요
90000003,10,C004,2022,17,9,2022-01-31,57240.0,16500.0,벤더 없는 거래 유형,0.9069422,37,저위험,"금액이 1,000 단위 정수 (비정상 반올림 의심)",실제 청구서/계약서 금액과 대조 필요
90000014,6,C004,2022,17,9,2022-01-31,10400.0,3200.0,벤더 없는 거래 유형,0.9057357,37,저위험,"금액이 1,000 단위 정수 (비정상 반올림 의심)",실제 청구서/계약서 금액과 대조 필요
90000015,6,C003,2022,17,9,2022-01-25,51000.0,15000.0,벤더 없는 거래 유형,0.6835988,37,저위험,"동일 문서유형 내 금액이 평균 대비 유의미한 이상 (z=3.6) | 금액이 1,000 단위 정수 (비정상 반올림 의심)",유사 거래 대비 금액 적정성 검토 필요 / 실제 청구서/계약서 금액과 대조 필요
5000018035,2,USA1,2018,19,12,2018-07-19,16876434600.0,8438217300.0,벤더 거래,0.6350902,37,저위험,동일 문서유형 내 금액이 평균 대비 극단적 이상 (z=37.9),유사 거래 대비 금액 적정성 검토 필요
5100015522,2,USA1,2018,13,8,2018-05-13,461267517.6,231611814.08,벤더 거래,0.43913946,37,저위험,"동일 문서유형 내 금액이 평균 대비 극단적 이상 (z=9.6) | 현지통화와 문서통화 금액 차이 발생 (차이: 23,514,946)",유사 거래 대비 금액 적정성 검토 필요 / 환율 적용 기준 및 환차손익 처리 적정성 확인 필요
5100029503,1,USA1,2021,13,8,2021-12-27,151925550.96,151925550.96,벤더 없는 거래 유형,0.4385175,37,저위험,"동일 문서유형 내 금액이 평균 대비 극단적 이상 (z=6.2) | 현지통화와 문서통화 금액 차이 발생 (차이: 15,443,001)",유사 거래 대비 금액 적정성 검토 필요 / 환율 적용 기준 및 환차손익 처리 적정성 확인 필요
5100029159,1,USA1,2021,13,8,2021-12-29,149664149.48,149664149.48,벤더 없는 거래 유형,0.43740624,37,저위험,"동일 문서유형 내 금액이 평균 대비 극단적 이상 (z=6.1) | 현지통화와 문서통화 금액 차이 발생 (차이: 15,213,133)",유사 거래 대비 금액 적정성 검토 필요 / 환율 적용 기준 및 환차손익 처리 적정성 확인 필요
5100020402,2,USA1,2019,13,8,2019-08-10,464349942.79999995,233159455.95,벤더 거래,0.437022,37,저위험,"동일 문서유형 내 금액이 평균 대비 극단적 이상 (z=9.7) | 현지통화와 문서통화 금액 차이 발생 (차이: 23,694,658)",유사 거래 대비 금액 적정성 검토 필요 / 환율 적용 기준 및 환차손익 처리 적정성 확인 필요
5100028430,2,USA1,2021,13,8,2021-11-11,466221997.63,234099425.62,벤더 거래,0.435173,37,저위험,"동일 문서유형 내 금액이 평균 대비 극단적 이상 (z=9.7) | 현지통화와 문서통화 금액 차이 발생 (차이: 23,795,850)",유사 거래 대비 금액 적정성 검토 필요 / 환율 적용 기준 및 환차손익 처리 적정성 확인 필요
5100018800,2,USA1,2019,13,8,2019-05-04,458192864.77,230067863.1,벤더 거래,0.43413132,37,저위험,"동일 문서유형 내 금액이 평균 대비 극단적 이상 (z=9.6) | 현지통화와 문서통화 금액 차이 발생 (차이: 23,380,477)",유사 거래 대비 금액 적정성 검토 필요 / 환율 적용 기준 및 환차손익 처리 적정성 확인 필요
5100029433,1,USA1,2021,13,8,2021-12-06,141752223.09,141752223.09,벤더 없는 거래 유형,0.43345982,37,저위험,"동일 문서유형 내 금액이 평균 대비 극단적 이상 (z=5.8) | 현지통화와 문서통화 금액 차이 발생 (차이: 14,408,897)",유사 거래 대비 금액 적정성 검토 필요 / 환율 적용 기준 및 환차손익 처리 적정성 확인 필요
5100020879,2,USA1,2019,13,8,2019-11-16,435781166.58000004,218814498.18,벤더 거래,0.4326614,37,저위험,"동일 문서유형 내 금액이 평균 대비 극단적 이상 (z=9.1) | 현지통화와 문서통화 금액 차이 발생 (차이: 22,236,862)",유사 거래 대비 금액 적정성 검토 필요 / 환율 적용 기준 및 환차손익 처리 적정성 확인 필요
5100021750,2,USA1,2019,13,8,2019-12-05,468666852.97,235327063.47,벤더 거래,0.43232012,37,저위험,"동일 문서유형 내 금액이 평균 대비 극단적 이상 (z=9.8) | 현지통화와 문서통화 금액 차이 발생 (차이: 23,914,939)",유사 거래 대비 금액 적정성 검토 필요 / 환율 적용 기준 및 환차손익 처리 적정성 확인 필요
5100016577,2,USA1,2018,13,8,2018-08-26,461638518.83,231798101.35,벤더 거래,0.43135393,37,저위험,"동일 문서유형 내 금액이 평균 대비 극단적 이상 (z=9.6) | 현지통화와 문서통화 금액 차이 발생 (차이: 23,533,859)",유사 거래 대비 금액 적정성 검토 필요 / 환율 적용 기준 및 환차손익 처리 적정성 확인 필요
5100028792,2,USA1,2021,13,8,2021-10-16,397934201.78,199810752.27,벤더 거래,0.4308003,37,저위험,"동일 문서유형 내 금액이 평균 대비 극단적 이상 (z=8.3) | 현지통화와 문서통화 금액 차이 발생 (차이: 20,310,458)",유사 거래 대비 금액 적정성 검토 필요 / 환율 적용 기준 및 환차손익 처리 적정성 확인 필요
5100029541,1,USA1,2021,13,8,2021-12-17,137891171.24,137891171.24,벤더 없는 거래 유형,0.42982993,37,저위험,"동일 문서유형 내 금액이 평균 대비 극단적 이상 (z=5.6) | 현지통화와 문서통화 금액 차이 발생 (차이: 14,016,427)",유사 거래 대비 금액 적정성 검토 필요 / 환율 적용 기준 및 환차손익 처리 적정성 확인 필요
5100026567,2,USA1,2021,13,8,2021-05-11,472078218.32000005,237039951.61,벤더 거래,0.42881155,37,저위험,"동일 문서유형 내 금액이 평균 대비 극단적 이상 (z=9.9) | 현지통화와 문서통화 금액 차이 발생 (차이: 24,094,750)",유사 거래 대비 금액 적정성 검토 필요 / 환율 적용 기준 및 환차손익 처리 적정성 확인 필요
5100029576,1,USA1,2021,13,8,2021-12-20,136509612.53,136509612.53,벤더 없는 거래 유형,0.42860642,37,저위험,"동일 문서유형 내 금액이 평균 대비 극단적 이상 (z=5.6) | 현지통화와 문서통화 금액 차이 발생 (차이: 13,875,994)",유사 거래 대비 금액 적정성 검토 필요 / 환율 적용 기준 및 환차손익 처리 적정성 확인 필요
5100029344,1,USA1,2021,13,8,2021-12-08,135490877.97,135490877.97,벤더 없는 거래 유형,0.4277294,37,저위험,"동일 문서유형 내 금액이 평균 대비 극단적 이상 (z=5.5) | 현지통화와 문서통화 금액 차이 발생 (차이: 13,772,441)",유사 거래 대비 금액 적정성 검토 필요 / 환율 적용 기준 및 환차손익 처리 적정성 확인 필요
5100029829,2,USA1,2022,13,8,2022-03-26,301250462.68,151393692.72,벤더 거래,0.42772436,37,저위험,"동일 문서유형 내 금액이 평균 대비 극단적 이상 (z=6.2) | 현지통화와 문서통화 금액 차이 발생 (차이: 15,382,829)",유사 거래 대비 금액 적정성 검토 필요 / 환율 적용 기준 및 환차손익 처리 적정성 확인 필요
5100016832,2,USA1,2018,13,8,2018-11-24,431950668.47,216891227.11,벤더 거래,0.4272104,37,저위험,"동일 문서유형 내 금액이 평균 대비 극단적 이상 (z=9.0) | 현지통화와 문서통화 금액 차이 발생 (차이: 22,020,403)",유사 거래 대비 금액 적정성 검토 필요 / 환율 적용 기준 및 환차손익 처리 적정성 확인 필요
5100028184,2,USA1,2021,13,8,2021-08-01,406630058.53,204177116.54,벤더 거래,0.42626643,37,저위험,"동일 문서유형 내 금액이 평균 대비 극단적 이상 (z=8.5) | 현지통화와 문서통화 금액 차이 발생 (차이: 20,754,293)",유사 거래 대비 금액 적정성 검토 필요 / 환율 적용 기준 및 환차손익 처리 적정성 확인 필요
5100021744,2,USA1,2019,13,8,2019-12-05,464314460.06,233141639.35,벤더 거래,0.42605442,37,저위험,"동일 문서유형 내 금액이 평균 대비 극단적 이상 (z=9.7) | 현지통화와 문서통화 금액 차이 발생 (차이: 23,692,847)",유사 거래 대비 금액 적정성 검토 필요 / 환율 적용 기준 및 환차손익 처리 적정성 확인 필요
5100029567,1,USA1,2021,13,8,2021-12-21,133057759.97,133057759.97,벤더 없는 거래 유형,0.42572182,37,저위험,"동일 문서유형 내 금액이 평균 대비 극단적 이상 (z=5.4) | 현지통화와 문서통화 금액 차이 발생 (차이: 13,525,118)",유사 거래 대비 금액 적정성 검토 필요 / 환율 적용 기준 및 환차손익 처리 적정성 확인 필요
5100019372,2,USA1,2019,13,8,2019-06-30,457755322.63,229848164.38,벤더 거래,0.4255657,37,저위험,"동일 문서유형 내 금액이 평균 대비 극단적 이상 (z=9.5) | 현지통화와 문서통화 금액 차이 발생 (차이: 23,358,150)",유사 거래 대비 금액 적정성 검토 필요 / 환율 적용 기준 및 환차손익 처리 적정성 확인 필요
5100023399,2,USA1,2020,13,8,2020-07-11,454680502.09000003,228304200.29,벤더 거래,0.42363438,37,저위험,"동일 문서유형 내 금액이 평균 대비 극단적 이상 (z=9.5) | 현지통화와 문서통화 금액 차이 발생 (차이: 23,208,616)",유사 거래 대비 금액 적정성 검토 필요 / 환율 적용 기준 및 환차손익 처리 적정성 확인 필요
5100018093,2,USA1,2019,13,8,2019-03-16,368191244.62,184876237.44,벤더 거래,0.42308876,37,저위험,"동일 문서유형 내 금액이 평균 대비 극단적 이상 (z=7.6) | 현지통화와 문서통화 금액 차이 발생 (차이: 18,787,911)",유사 거래 대비 금액 적정성 검토 필요 / 환율 적용 기준 및 환차손익 처리 적정성 확인 필요
5100029708,1,USA1,2022,13,8,2022-03-06,142322922.83,142322922.83,벤더 거래,0.42299873,37,저위험,"동일 문서유형 내 금액이 평균 대비 극단적 이상 (z=5.8) | 현지통화와 문서통화 금액 차이 발생 (차이: 14,461,165)",유사 거래 대비 금액 적정성 검토 필요 / 환율 적용 기준 및 환차손익 처리 적정성 확인 필요
5100029401,1,USA1,2021,13,8,2021-12-02,129195189.54,129195189.54,벤더 없는 거래 유형,0.4227874,37,저위험,"동일 문서유형 내 금액이 평균 대비 극단적 이상 (z=5.2) | 현지통화와 문서통화 금액 차이 발생 (차이: 13,132,494)",유사 거래 대비 금액 적정성 검토 필요 / 환율 적용 기준 및 환차손익 처리 적정성 확인 필요
5100018343,2,USA1,2019,13,8,2019-03-21,469061157.88,235525051.9,벤더 거래,0.42143425,37,저위험,"동일 문서유형 내 금액이 평균 대비 극단적 이상 (z=9.8) | 현지통화와 문서통화 금액 차이 발생 (차이: 23,935,060)",유사 거래 대비 금액 적정성 검토 필요 / 환율 적용 기준 및 환차손익 처리 적정성 확인 필요
5100029141,1,USA1,2021,13,8,2021-12-31,126974672.96,126974672.96,벤더 없는 거래 유형,0.4212404,37,저위험,"동일 문서유형 내 금액이 평균 대비 극단적 이상 (z=5.2) | 현지통화와 문서통화 금액 차이 발생 (차이: 12,906,782)",유사 거래 대비 금액 적정성 검토 필요 / 환율 적용 기준 및 환차손익 처리 적정성 확인 필요
5100029477,1,USA1,2021,13,8,2021-12-23,126353923.57,126353923.57,벤더 없는 거래 유형,0.42082638,37,저위험,"동일 문서유형 내 금액이 평균 대비 극단적 이상 (z=5.1) | 현지통화와 문서통화 금액 차이 발생 (차이: 12,843,684)",유사 거래 대비 금액 적정성 검토 필요 / 환율 적용 기준 및 환차손익 처리 적정성 확인 필요
5100029275,2,USA1,2022,13,8,2022-01-12,380263031.46,191086950.48,벤더 거래,0.41951895,37,저위험,"동일 문서유형 내 금액이 평균 대비 극단적 이상 (z=7.9) | 현지통화와 문서통화 금액 차이 발생 (차이: 21,983,454)",유사 거래 대비 금액 적정성 검토 필요 / 환율 적용 기준 및 환차손익 처리 적정성 확인 필요
5100026088,2,USA1,2021,13,8,2021-03-10,404154894.12,202934286.79,벤더 거래,0.41803584,37,저위험,"동일 문서유형 내 금액이 평균 대비 극단적 이상 (z=8.4) | 현지통화와 문서통화 금액 차이 발생 (차이: 20,627,961)",유사 거래 대비 금액 적정성 검토 필요 / 환율 적용 기준 및 환차손익 처리 적정성 확인 필요
5100029216,2,USA1,2022,13,8,2022-01-24,378890303.55,190397137.46,벤더 거래,0.41640624,37,저위험,"동일 문서유형 내 금액이 평균 대비 극단적 이상 (z=7.9) | 현지통화와 문서통화 금액 차이 발생 (차이: 21,904,095)",유사 거래 대비 금액 적정성 검토 필요 / 환율 적용 기준 및 환차손익 처리 적정성 확인 필요
5100029698,1,USA1,2022,13,8,2022-03-13,125631028.84,125631028.84,벤더 거래,0.41629142,37,저위험,"동일 문서유형 내 금액이 평균 대비 극단적 이상 (z=5.1) | 현지통화와 문서통화 금액 차이 발생 (차이: 12,765,133)",유사 거래 대비 금액 적정성 검토 필요 / 환율 적용 기준 및 환차손익 처리 적정성 확인 필요
5100020339,2,USA1,2019,13,8,2019-08-17,452366880.68,227142519.18,벤더 거래,0.4159681,37,저위험,"동일 문서유형 내 금액이 평균 대비 극단적 이상 (z=9.4) | 현지통화와 문서통화 금액 차이 발생 (차이: 23,083,191)",유사 거래 대비 금액 적정성 검토 필요 / 환율 적용 기준 및 환차손익 처리 적정성 확인 필요
5100025462,2,USA1,2021,13,8,2021-01-31,354030523.52,177765833.94,벤더 거래,0.41475174,37,저위험,"동일 문서유형 내 금액이 평균 대비 극단적 이상 (z=7.3) | 현지통화와 문서통화 금액 차이 발생 (차이: 18,069,626)",유사 거래 대비 금액 적정성 검토 필요 / 환율 적용 기준 및 환차손익 처리 적정성 확인 필요
5100026033,2,USA1,2021,13,8,2021-03-18,402342170.45000005,202024081.84,벤더 거래,0.41455948,37,저위험,"동일 문서유형 내 금액이 평균 대비 극단적 이상 (z=8.4) | 현지통화와 문서통화 금액 차이 발생 (차이: 20,535,440)",유사 거래 대비 금액 적정성 검토 필요 / 환율 적용 기준 및 환차손익 처리 적정성 확인 필요
5100022214,2,USA1,2020,13,8,2020-03-28,371791237.76,186683838.04,벤더 거래,0.41437238,37,저위험,"동일 문서유형 내 금액이 평균 대비 극단적 이상 (z=7.7) | 현지통화와 문서통화 금액 차이 발생 (차이: 18,977,634)",유사 거래 대비 금액 적정성 검토 필요 / 환율 적용 기준 및 환차손익 처리 적정성 확인 필요
5100018580,2,USA1,2019,13,8,2019-03-07,464982052.56,233476850.99,벤더 거래,0.4130635,37,저위험,"동일 문서유형 내 금액이 평균 대비 극단적 이상 (z=9.7) | 현지통화와 문서통화 금액 차이 발생 (차이: 23,726,913)",유사 거래 대비 금액 적정성 검토 필요 / 환율 적용 기준 및 환차손익 처리 적정성 확인 필요
5100027905,2,USA1,2021,13,8,2021-09-25,395070361.58000004,198372760.61,벤더 거래,0.41263232,37,저위험,"동일 문서유형 내 금액이 평균 대비 극단적 이상 (z=8.2) | 현지통화와 문서통화 금액 차이 발생 (차이: 20,164,289)",유사 거래 대비 금액 적정성 검토 필요 / 환율 적용 기준 및 환차손익 처리 적정성 확인 필요
5100024716,2,USA1,2020,13,8,2020-10-31,438956380.68,220408803.53,벤더 거래,0.41119853,37,저위험,"동일 문서유형 내 금액이 평균 대비 극단적 이상 (z=9.1) | 현지통화와 문서통화 금액 차이 발생 (차이: 22,405,998)",유사 거래 대비 금액 적정성 검토 필요 / 환율 적용 기준 및 환차손익 처리 적정성 확인 필요
100000002,18,C003,2022,1,10,2022-01-22,34029.96,6912.0,벤더 없는 거래 유형,1.0198438,36,저위험,다중 피처 복합 패턴 — 원본 전표 검토 권고,"전표 전체 라인 및 관련 문서(PO, 청구서) 종합 검토 필요"
5105600105,7,C003,2022,17,8,2022-01-25,2250.0,450.0,벤더 거래,1.0159346,36,저위험,다중 피처 복합 패턴 — 원본 전표 검토 권고,"전표 전체 라인 및 관련 문서(PO, 청구서) 종합 검토 필요"
5000000765,7,USA1,2022,13,12,2022-02-16,104.0,20.0,벤더 거래,0.87287116,36,저위험,해당 사용자의 평소 전기 패턴에서 3.7σ 이탈,해당 사용자의 접근 권한 및 해당 시간대 업무 필요성 확인 필요
5100017907,2,USA1,2018,13,8,2018-12-24,452731670.29999995,227325791.32,벤더 거래,0.4086424,36,저위험,"동일 문서유형 내 금액이 평균 대비 극단적 이상 (z=9.4) | 현지통화와 문서통화 금액 차이 발생 (차이: 23,079,797)",유사 거래 대비 금액 적정성 검토 필요 / 환율 적용 기준 및 환차손익 처리 적정성 확인 필요
5100023194,2,USA1,2020,13,8,2020-04-18,434106114.42,217973387.55,벤더 거래,0.4084817,36,저위험,"동일 문서유형 내 금액이 평균 대비 극단적 이상 (z=9.0) | 현지통화와 문서통화 금액 차이 발생 (차이: 22,158,422)",유사 거래 대비 금액 적정성 검토 필요 / 환율 적용 기준 및 환차손익 처리 적정성 확인 필요
5100025913,2,USA1,2021,13,8,2021-03-01,398135119.41,199911637.05,벤더 거래,0.4066381,36,저위험,"동일 문서유형 내 금액이 평균 대비 극단적 이상 (z=8.3) | 현지통화와 문서통화 금액 차이 발생 (차이: 20,320,713)",유사 거래 대비 금액 적정성 검토 필요 / 환율 적용 기준 및 환차손익 처리 적정성 확인 필요
5100027682,2,USA1,2021,13,8,2021-06-22,465221404.26,233597007.6,벤더 거래,0.40541112,36,저위험,"동일 문서유형 내 금액이 평균 대비 극단적 이상 (z=9.7) | 현지통화와 문서통화 금액 차이 발생 (차이: 23,744,780)",유사 거래 대비 금액 적정성 검토 필요 / 환율 적용 기준 및 환차손익 처리 적정성 확인 필요
5100023198,2,USA1,2020,13,8,2020-04-18,431629752.7,216729956.66,벤더 거래,0.40378472,36,저위험,"동일 문서유형 내 금액이 평균 대비 극단적 이상 (z=9.0) | 현지통화와 문서통화 금액 차이 발생 (차이: 22,032,019)",유사 거래 대비 금액 적정성 검토 필요 / 환율 적용 기준 및 환차손익 처리 적정성 확인 필요
5100027692,2,USA1,2021,13,8,2021-06-21,464340186.5,233154530.47,벤더 거래,0.40343687,36,저위험,"동일 문서유형 내 금액이 평균 대비 극단적 이상 (z=9.7) | 현지통화와 문서통화 금액 차이 발생 (차이: 23,699,802)",유사 거래 대비 금액 적정성 검토 필요 / 환율 적용 기준 및 환차손익 처리 적정성 확인 필요
5100026657,2,USA1,2021,13,8,2021-05-30,392187957.07,196925447.43,벤더 거래,0.40297055,36,저위험,"동일 문서유형 내 금액이 평균 대비 극단적 이상 (z=8.1) | 현지통화와 문서통화 금액 차이 발생 (차이: 20,017,171)",유사 거래 대비 금액 적정성 검토 필요 / 환율 적용 기준 및 환차손익 처리 적정성 확인 필요
5100029606,2,USA1,2022,13,8,2022-04-30,380398248.57,191169484.17,벤더 거래,0.40190965,36,저위험,"동일 문서유형 내 금액이 평균 대비 극단적 이상 (z=7.9) | 현지통화와 문서통화 금액 차이 발생 (차이: 19,424,372)",유사 거래 대비 금액 적정성 검토 필요 / 환율 적용 기준 및 환차손익 처리 적정성 확인 필요
5100028185,2,USA1,2021,13,8,2021-08-01,393625164.46000004,197647098.12,벤더 거래,0.40115422,36,저위험,"동일 문서유형 내 금액이 평균 대비 극단적 이상 (z=8.2) | 현지통화와 문서통화 금액 차이 발생 (차이: 20,090,526)",유사 거래 대비 금액 적정성 검토 필요 / 환율 적용 기준 및 환차손익 처리 적정성 확인 필요
5100025392,2,USA1,2021,13,8,2021-01-12,421616400.06,211702059.51,벤더 없는 거래 유형,0.4003088,36,저위험,"동일 문서유형 내 금액이 평균 대비 극단적 이상 (z=8.7) | 현지통화와 문서통화 금액 차이 발생 (차이: 21,633,301)",유사 거래 대비 금액 적정성 검토 필요 / 환율 적용 기준 및 환차손익 처리 적정성 확인 필요
5100028809,2,USA1,2021,13,8,2021-10-14,457031953.96000004,229484920.18,벤더 거래,0.3998913,36,저위험,"동일 문서유형 내 금액이 평균 대비 극단적 이상 (z=9.5) | 현지통화와 문서통화 금액 차이 발생 (차이: 23,326,792)",유사 거래 대비 금액 적정성 검토 필요 / 환율 적용 기준 및 환차손익 처리 적정성 확인 필요
5100023199,2,USA1,2020,13,8,2020-04-18,428506218.85,215161567.66,벤더 거래,0.39793244,36,저위험,"동일 문서유형 내 금액이 평균 대비 극단적 이상 (z=8.9) | 현지통화와 문서통화 금액 차이 발생 (차이: 21,872,582)",유사 거래 대비 금액 적정성 검토 필요 / 환율 적용 기준 및 환차손익 처리 적정성 확인 필요
5100017735,1,USA1,2018,13,8,2018-12-10,223300735.9,223300735.9,벤더 거래,0.3977515,36,저위험,"동일 문서유형 내 금액이 평균 대비 극단적 이상 (z=9.3) | 현지통화와 문서통화 금액 차이 발생 (차이: 22,671,144)",유사 거래 대비 금액 적정성 검토 필요 / 환율 적용 기준 및 환차손익 처리 적정성 확인 필요
5100017582,2,USA1,2019,13,8,2019-01-27,387730720.65999997,194687401.79,벤더 거래,0.39722797,36,저위험,"동일 문서유형 내 금액이 평균 대비 극단적 이상 (z=8.0) | 현지통화와 문서통화 금액 차이 발생 (차이: 19,784,964)",유사 거래 대비 금액 적정성 검토 필요 / 환율 적용 기준 및 환차손익 처리 적정성 확인 필요
5100023893,2,USA1,2020,13,8,2020-06-21,437909484.54999995,219883135.98,벤더 거래,0.39472142,36,저위험,"동일 문서유형 내 금액이 평균 대비 극단적 이상 (z=9.1) | 현지통화와 문서통화 금액 차이 발생 (차이: 22,352,560)",유사 거래 대비 금액 적정성 검토 필요 / 환율 적용 기준 및 환차손익 처리 적정성 확인 필요
5100021670,1,USA1,2019,13,8,2019-12-17,221887566.49,221887566.49,벤더 거래,0.39470002,36,저위험,"동일 문서유형 내 금액이 평균 대비 극단적 이상 (z=9.2) | 현지통화와 문서통화 금액 차이 발생 (차이: 22,549,160)",유사 거래 대비 금액 적정성 검토 필요 / 환율 적용 기준 및 환차손익 처리 적정성 확인 필요
5100026736,2,USA1,2021,13,8,2021-05-25,456603094.66999996,229269581.32,벤더 거래,0.3941349,36,저위험,"동일 문서유형 내 금액이 평균 대비 극단적 이상 (z=9.5) | 현지통화와 문서통화 금액 차이 발생 (차이: 23,304,903)",유사 거래 대비 금액 적정성 검토 필요 / 환율 적용 기준 및 환차손익 처리 적정성 확인 필요
5100022148,1,USA1,2020,13,8,2020-03-04,224480927.59,224480927.59,벤더 거래,0.3929161,36,저위험,"동일 문서유형 내 금액이 평균 대비 극단적 이상 (z=9.3) | 현지통화와 문서통화 금액 차이 발생 (차이: 22,819,956)",유사 거래 대비 금액 적정성 검토 필요 / 환율 적용 기준 및 환차손익 처리 적정성 확인 필요
5100018604,1,USA1,2019,13,8,2019-03-05,227569055.64,227569055.64,벤더 거래,0.39231983,36,저위험,"동일 문서유형 내 금액이 평균 대비 극단적 이상 (z=9.5) | 현지통화와 문서통화 금액 차이 발생 (차이: 23,126,538)",유사 거래 대비 금액 적정성 검토 필요 / 환율 적용 기준 및 환차손익 처리 적정성 확인 필요
5100022104,1,USA1,2020,13,8,2020-03-01,176940168.23,176940168.23,벤더 거래,0.39003795,36,저위험,"동일 문서유형 내 금액이 평균 대비 극단적 이상 (z=7.3) | 현지통화와 문서통화 금액 차이 발생 (차이: 17,987,126)",유사 거래 대비 금액 적정성 검토 필요 / 환율 적용 기준 및 환차손익 처리 적정성 확인 필요
5100020587,2,USA1,2019,13,8,2019-08-25,436238682.47,219044226.12,벤더 거래,0.39002824,36,저위험,"동일 문서유형 내 금액이 평균 대비 극단적 이상 (z=9.1) | 현지통화와 문서통화 금액 차이 발생 (차이: 22,260,208)",유사 거래 대비 금액 적정성 검토 필요 / 환율 적용 기준 및 환차손익 처리 적정성 확인 필요
5100022004,1,USA1,2019,13,8,2019-12-27,219608103.77,219608103.77,벤더 거래,0.38968968,36,저위험,"동일 문서유형 내 금액이 평균 대비 극단적 이상 (z=9.1) | 현지통화와 문서통화 금액 차이 발생 (차이: 22,317,512)",유사 거래 대비 금액 적정성 검토 필요 / 환율 적용 기준 및 환차손익 처리 적정성 확인 필요
5100029081,2,USA1,2022,13,8,2022-01-06,366009686.98,183924465.82,벤더 거래,0.38865098,36,저위험,"동일 문서유형 내 금액이 평균 대비 극단적 이상 (z=7.6) | 현지통화와 문서통화 금액 차이 발생 (차이: 21,159,452)",유사 거래 대비 금액 적정성 검토 필요 / 환율 적용 기준 및 환차손익 처리 적정성 확인 필요
5100021834,1,USA1,2019,13,8,2019-12-30,219076083.61,219076083.61,벤더 거래,0.38856876,36,저위험,"동일 문서유형 내 금액이 평균 대비 극단적 이상 (z=9.1) | 현지통화와 문서통화 금액 차이 발생 (차이: 22,263,446)",유사 거래 대비 금액 적정성 검토 필요 / 환율 적용 기준 및 환차손익 처리 적정성 확인 필요
5100027614,2,USA1,2021,13,8,2021-06-27,388046233.64,194845804.94,벤더 거래,0.3884466,36,저위험,"동일 문서유형 내 금액이 평균 대비 극단적 이상 (z=8.1) | 현지통화와 문서통화 금액 차이 발생 (차이: 19,805,779)",유사 거래 대비 금액 적정성 검토 필요 / 환율 적용 기준 및 환차손익 처리 적정성 확인 필요
5100026037,1,USA1,2021,13,8,2021-03-17,194733710.74,194733710.74,벤더 거래,0.38809043,36,저위험,"동일 문서유형 내 금액이 평균 대비 극단적 이상 (z=8.0) | 현지통화와 문서통화 금액 차이 발생 (차이: 19,794,385)",유사 거래 대비 금액 적정성 검토 필요 / 환율 적용 기준 및 환차손익 처리 적정성 확인 필요
5100021012,2,USA1,2019,13,8,2019-10-13,415525691.13,208643816.11,벤더 거래,0.38791394,36,저위험,"동일 문서유형 내 금액이 평균 대비 극단적 이상 (z=8.6) | 현지통화와 문서통화 금액 차이 발생 (차이: 21,203,274)",유사 거래 대비 금액 적정성 검토 필요 / 환율 적용 기준 및 환차손익 처리 적정성 확인 필요
5100020183,2,USA1,2019,13,8,2019-09-28,428158956.85,214987233.2,벤더 거래,0.3876429,36,저위험,"동일 문서유형 내 금액이 평균 대비 극단적 이상 (z=8.9) | 현지통화와 문서통화 금액 차이 발생 (차이: 21,847,919)",유사 거래 대비 금액 적정성 검토 필요 / 환율 적용 기준 및 환차손익 처리 적정성 확인 필요
5100018234,1,USA1,2019,13,8,2019-03-23,158727960.01,158727960.01,벤더 거래,0.3876138,36,저위험,"동일 문서유형 내 금액이 평균 대비 극단적 이상 (z=6.5) | 현지통화와 문서통화 금액 차이 발생 (차이: 16,130,612)",유사 거래 대비 금액 적정성 검토 필요 / 환율 적용 기준 및 환차손익 처리 적정성 확인 필요
5100021854,1,USA1,2019,13,8,2019-12-31,218233039.92,218233039.92,벤더 거래,0.38680887,36,저위험,"동일 문서유형 내 금액이 평균 대비 극단적 이상 (z=9.1) | 현지통화와 문서통화 금액 차이 발생 (차이: 22,177,772)",유사 거래 대비 금액 적정성 검토 필요 / 환율 적용 기준 및 환차손익 처리 적정성 확인 필요
5100022898,2,USA1,2020,13,8,2020-05-17,428679644.07,215248647.94,벤더 거래,0.38604164,36,저위험,"동일 문서유형 내 금액이 평균 대비 극단적 이상 (z=8.9) | 현지통화와 문서통화 금액 차이 발생 (차이: 21,881,434)",유사 거래 대비 금액 적정성 검토 필요 / 환율 적용 기준 및 환차손익 처리 적정성 확인 필요
5100021758,1,USA1,2019,13,8,2019-12-06,217620078.13,217620078.13,벤더 거래,0.38554248,36,저위험,"동일 문서유형 내 금액이 평균 대비 극단적 이상 (z=9.0) | 현지통화와 문서통화 금액 차이 발생 (차이: 22,115,480)",유사 거래 대비 금액 적정성 검토 필요 / 환율 적용 기준 및 환차손익 처리 적정성 확인 필요
5100019068,1,USA1,2019,13,8,2019-04-06,210724110.5,210724110.5,벤더 거래,0.38292652,36,저위험,"동일 문서유형 내 금액이 평균 대비 극단적 이상 (z=8.7) | 현지통화와 문서통화 금액 차이 발생 (차이: 21,414,682)",유사 거래 대비 금액 적정성 검토 필요 / 환율 적용 기준 및 환차손익 처리 적정성 확인 필요
5100025466,2,USA1,2021,13,8,2021-01-31,330107224.04999995,165753464.95,벤더 거래,0.38260996,36,저위험,"동일 문서유형 내 금액이 평균 대비 극단적 이상 (z=6.8) | 현지통화와 문서통화 금액 차이 발생 (차이: 16,848,587)",유사 거래 대비 금액 적정성 검토 필요 / 환율 적용 기준 및 환차손익 처리 적정성 확인 필요
1700000001,5,C001,2022,3,4,2022-02-10,8000.0,1600.0,벤더 거래,0.99726313,35,저위험,다중 피처 복합 패턴 — 원본 전표 검토 권고,"전표 전체 라인 및 관련 문서(PO, 청구서) 종합 검토 필요"
90000004,4,C002,2022,17,9,2022-02-01,6200.0,3000.0,벤더 없는 거래 유형,0.83769053,35,저위험,"금액이 1,000 단위 정수 (비정상 반올림 의심)",실제 청구서/계약서 금액과 대조 필요
90001290,4,C001,2022,17,9,2022-04-14,71315.2,18057.6,벤더 없는 거래 유형,0.77469707,35,저위험,동일 문서유형 내 금액이 평균 대비 유의미한 이상 (z=4.3),유사 거래 대비 금액 적정성 검토 필요
4900000617,4,C001,2022,2,13,2022-03-19,40000.0,10000.0,벤더 없는 거래 유형,0.6113144,35,저위험,"동일 문서유형 내 금액이 평균 대비 유의미한 이상 (z=4.0) | 금액이 1,000 단위 정수 (비정상 반올림 의심)",유사 거래 대비 금액 적정성 검토 필요 / 실제 청구서/계약서 금액과 대조 필요
5100029733,1,USA1,2022,13,8,2022-03-09,209715769.37,209715769.37,벤더 거래,0.3815445,35,저위험,"동일 문서유형 내 금액이 평균 대비 극단적 이상 (z=8.7) | 현지통화와 문서통화 금액 차이 발생 (차이: 21,308,825)",유사 거래 대비 금액 적정성 검토 필요 / 환율 적용 기준 및 환차손익 처리 적정성 확인 필요
5100021914,2,USA1,2020,13,8,2020-01-01,465128078.98,233550138.21,벤더 거래,0.3802424,35,저위험,"동일 문서유형 내 금액이 평균 대비 극단적 이상 (z=9.7) | 현지통화와 문서통화 금액 차이 발생 (차이: 23,741,900)",유사 거래 대비 금액 적정성 검토 필요 / 환율 적용 기준 및 환차손익 처리 적정성 확인 필요
5100027688,2,USA1,2021,13,8,2021-06-21,453663117.25,227793359.63,벤더 거래,0.38002563,35,저위험,"동일 문서유형 내 금액이 평균 대비 극단적 이상 (z=9.5) | 현지통화와 문서통화 금액 차이 발생 (차이: 23,154,848)",유사 거래 대비 금액 적정성 검토 필요 / 환율 적용 기준 및 환차손익 처리 적정성 확인 필요
5100020596,1,USA1,2019,13,8,2019-08-24,215716179.87,215716179.87,벤더 거래,0.38001868,35,저위험,"동일 문서유형 내 금액이 평균 대비 극단적 이상 (z=8.9) | 현지통화와 문서통화 금액 차이 발생 (차이: 21,921,998)",유사 거래 대비 금액 적정성 검토 필요 / 환율 적용 기준 및 환차손익 처리 적정성 확인 필요
5100018620,2,USA1,2019,13,8,2019-02-27,476727544.80999994,239374499.14,벤더 거래,0.3775399,35,저위험,"동일 문서유형 내 금액이 평균 대비 극단적 이상 (z=10.0) | 현지통화와 문서통화 금액 차이 발생 (차이: 24,326,257)",유사 거래 대비 금액 적정성 검토 필요 / 환율 적용 기준 및 환차손익 처리 적정성 확인 필요
5100027166,2,USA1,2021,13,8,2021-07-12,454264460.24,228095306.02,벤더 거래,0.37734297,35,저위험,"동일 문서유형 내 금액이 평균 대비 극단적 이상 (z=9.5) | 현지통화와 문서통화 금액 차이 발생 (차이: 23,185,540)",유사 거래 대비 금액 적정성 검토 필요 / 환율 적용 기준 및 환차손익 처리 적정성 확인 필요
5100026979,2,USA1,2021,13,8,2021-04-29,442309742.76,222092602.35,벤더 거래,0.37561682,35,저위험,"동일 문서유형 내 금액이 평균 대비 극단적 이상 (z=9.2) | 현지통화와 문서통화 금액 차이 발생 (차이: 22,575,374)",유사 거래 대비 금액 적정성 검토 필요 / 환율 적용 기준 및 환차손익 처리 적정성 확인 필요
5100021392,1,USA1,2020,13,8,2020-01-05,186564899.12,186564899.12,벤더 거래,0.37554505,35,저위험,"동일 문서유형 내 금액이 평균 대비 극단적 이상 (z=7.7) | 현지통화와 문서통화 금액 차이 발생 (차이: 18,965,543)",유사 거래 대비 금액 적정성 검토 필요 / 환율 적용 기준 및 환차손익 처리 적정성 확인 필요
5100024973,1,USA1,2020,13,8,2020-10-03,208841993.59,208841993.59,벤더 거래,0.3750893,35,저위험,"동일 문서유형 내 금액이 평균 대비 극단적 이상 (z=8.7) | 현지통화와 문서통화 금액 차이 발생 (차이: 21,230,156)",유사 거래 대비 금액 적정성 검토 필요 / 환율 적용 기준 및 환차손익 처리 적정성 확인 필요
5100024534,1,USA1,2020,13,8,2020-08-16,215183042.74,215183042.74,벤더 거래,0.37499017,35,저위험,"동일 문서유형 내 금액이 평균 대비 극단적 이상 (z=8.9) | 현지통화와 문서통화 금액 차이 발생 (차이: 21,874,765)",유사 거래 대비 금액 적정성 검토 필요 / 환율 적용 기준 및 환차손익 처리 적정성 확인 필요
5100023729,1,USA1,2020,13,8,2020-06-06,214048639.19,214048639.19,벤더 거래,0.37302443,35,저위험,"동일 문서유형 내 금액이 평균 대비 극단적 이상 (z=8.9) | 현지통화와 문서통화 금액 차이 발생 (차이: 21,759,445)",유사 거래 대비 금액 적정성 검토 필요 / 환율 적용 기준 및 환차손익 처리 적정성 확인 필요
5100018501,1,USA1,2019,13,8,2019-02-16,195405729.29,195405729.29,벤더 거래,0.3729647,35,저위험,"동일 문서유형 내 금액이 평균 대비 극단적 이상 (z=8.1) | 현지통화와 문서통화 금액 차이 발생 (차이: 19,857,963)",유사 거래 대비 금액 적정성 검토 필요 / 환율 적용 기준 및 환차손익 처리 적정성 확인 필요
5100027693,2,USA1,2021,13,8,2021-06-21,450331409.19,226120442.12,벤더 거래,0.3729104,35,저위험,"동일 문서유형 내 금액이 평균 대비 극단적 이상 (z=9.4) | 현지통화와 문서통화 금액 차이 발생 (차이: 22,984,798)",유사 거래 대비 금액 적정성 검토 필요 / 환율 적용 기준 및 환차손익 처리 적정성 확인 필요
5100017947,1,USA1,2018,13,8,2018-12-28,211398761.32,211398761.32,벤더 거래,0.37271625,35,저위험,"동일 문서유형 내 금액이 평균 대비 극단적 이상 (z=8.8) | 현지통화와 문서통화 금액 차이 발생 (차이: 21,462,767)",유사 거래 대비 금액 적정성 검토 필요 / 환율 적용 기준 및 환차손익 처리 적정성 확인 필요
5100016735,1,USA1,2018,13,8,2018-10-28,201800543.15,201800543.15,벤더 거래,0.37255877,35,저위험,"동일 문서유형 내 금액이 평균 대비 극단적 이상 (z=8.4) | 현지통화와 문서통화 금액 차이 발생 (차이: 20,488,285)",유사 거래 대비 금액 적정성 검토 필요 / 환율 적용 기준 및 환차손익 처리 적정성 확인 필요
5100028379,2,USA1,2021,13,8,2021-08-20,451717388.46,226816370.14,벤더 거래,0.37237138,35,저위험,"동일 문서유형 내 금액이 평균 대비 극단적 이상 (z=9.4) | 현지통화와 문서통화 금액 차이 발생 (차이: 23,055,538)",유사 거래 대비 금액 적정성 검토 필요 / 환율 적용 기준 및 환차손익 처리 적정성 확인 필요
5100026327,2,USA1,2021,13,8,2021-02-16,421875595.59000003,211832206.79,벤더 거래,0.3722475,35,저위험,"동일 문서유형 내 금액이 평균 대비 극단적 이상 (z=8.8) | 현지통화와 문서통화 금액 차이 발생 (차이: 21,532,421)",유사 거래 대비 금액 적정성 검토 필요 / 환율 적용 기준 및 환차손익 처리 적정성 확인 필요
5100027258,2,USA1,2021,13,8,2021-07-02,451007714.43,226460028.56,벤더 거래,0.37027517,35,저위험,"동일 문서유형 내 금액이 평균 대비 극단적 이상 (z=9.4) | 현지통화와 문서통화 금액 차이 발생 (차이: 23,019,317)",유사 거래 대비 금액 적정성 검토 필요 / 환율 적용 기준 및 환차손익 처리 적정성 확인 필요
5100022070,1,USA1,2020,13,8,2020-03-12,217897870.78,217897870.78,벤더 거래,0.36991876,35,저위험,"동일 문서유형 내 금액이 평균 대비 극단적 이상 (z=9.0) | 현지통화와 문서통화 금액 차이 발생 (차이: 22,150,745)",유사 거래 대비 금액 적정성 검토 필요 / 환율 적용 기준 및 환차손익 처리 적정성 확인 필요
5100021749,1,USA1,2019,13,8,2019-12-05,209417717.24,209417717.24,벤더 거래,0.36963627,35,저위험,"동일 문서유형 내 금액이 평균 대비 극단적 이상 (z=8.7) | 현지통화와 문서통화 금액 차이 발생 (차이: 21,281,921)",유사 거래 대비 금액 적정성 검토 필요 / 환율 적용 기준 및 환차손익 처리 적정성 확인 필요
5100019152,1,USA1,2019,13,8,2019-04-28,206012623.06,206012623.06,벤더 거래,0.36926723,35,저위험,"동일 문서유형 내 금액이 평균 대비 극단적 이상 (z=8.5) | 현지통화와 문서통화 금액 차이 발생 (차이: 20,935,881)",유사 거래 대비 금액 적정성 검토 필요 / 환율 적용 기준 및 환차손익 처리 적정성 확인 필요
5100025131,1,USA1,2020,13,8,2020-10-24,205304622.68,205304622.68,벤더 거래,0.3651879,35,저위험,"동일 문서유형 내 금액이 평균 대비 극단적 이상 (z=8.5) | 현지통화와 문서통화 금액 차이 발생 (차이: 20,870,559)",유사 거래 대비 금액 적정성 검토 필요 / 환율 적용 기준 및 환차손익 처리 적정성 확인 필요
5100021961,1,USA1,2019,13,8,2019-12-24,206864044.09,206864044.09,벤더 거래,0.36508018,35,저위험,"동일 문서유형 내 금액이 평균 대비 극단적 이상 (z=8.6) | 현지통화와 문서통화 금액 차이 발생 (차이: 21,022,406)",유사 거래 대비 금액 적정성 검토 필요 / 환율 적용 기준 및 환차손익 처리 적정성 확인 필요
5100017872,1,USA1,2018,13,8,2018-12-04,206986266.14,206986266.14,벤더 거래,0.36474317,35,저위험,"동일 문서유형 내 금액이 평균 대비 극단적 이상 (z=8.6) | 현지통화와 문서통화 금액 차이 발생 (차이: 21,014,778)",유사 거래 대비 금액 적정성 검토 필요 / 환율 적용 기준 및 환차손익 처리 적정성 확인 필요
5100016724,1,USA1,2018,13,8,2018-10-27,197709184.09,197709184.09,벤더 거래,0.3642867,35,저위험,"동일 문서유형 내 금액이 평균 대비 극단적 이상 (z=8.2) | 현지통화와 문서통화 금액 차이 발생 (차이: 20,072,900)",유사 거래 대비 금액 적정성 검토 필요 / 환율 적용 기준 및 환차손익 처리 적정성 확인 필요
5100020880,1,USA1,2019,13,8,2019-11-16,185305841.65,185305841.65,벤더 거래,0.36321473,35,저위험,"동일 문서유형 내 금액이 평균 대비 극단적 이상 (z=7.6) | 현지통화와 문서통화 금액 차이 발생 (차이: 18,831,570)",유사 거래 대비 금액 적정성 검토 필요 / 환율 적용 기준 및 환차손익 처리 적정성 확인 필요
5100021584,1,USA1,2020,13,8,2020-01-18,181280848.83,181280848.83,벤더 거래,0.36298195,35,저위험,"동일 문서유형 내 금액이 평균 대비 극단적 이상 (z=7.5) | 현지통화와 문서통화 금액 차이 발생 (차이: 18,428,385)",유사 거래 대비 금액 적정성 검토 필요 / 환율 적용 기준 및 환차손익 처리 적정성 확인 필요
5100016662,1,USA1,2018,13,8,2018-11-03,183467233.87,183467233.87,벤더 거래,0.35977882,35,저위험,"동일 문서유형 내 금액이 평균 대비 극단적 이상 (z=7.6) | 현지통화와 문서통화 금액 차이 발생 (차이: 18,626,952)",유사 거래 대비 금액 적정성 검토 필요 / 환율 적용 기준 및 환차손익 처리 적정성 확인 필요
5100028790,1,USA1,2021,13,8,2021-10-16,177246070.81,177246070.81,벤더 거래,0.3594834,35,저위험,"동일 문서유형 내 금액이 평균 대비 극단적 이상 (z=7.3) | 현지통화와 문서통화 금액 차이 발생 (차이: 18,016,793)",유사 거래 대비 금액 적정성 검토 필요 / 환율 적용 기준 및 환차손익 처리 적정성 확인 필요
5100022475,1,USA1,2020,13,8,2020-02-29,194683896.33,194683896.33,벤더 거래,0.3584483,35,저위험,"동일 문서유형 내 금액이 평균 대비 극단적 이상 (z=8.0) | 현지통화와 문서통화 금액 차이 발생 (차이: 19,790,892)",유사 거래 대비 금액 적정성 검토 필요 / 환율 적용 기준 및 환차손익 처리 적정성 확인 필요
5100021799,1,USA1,2019,13,8,2019-12-12,202922328.11,202922328.11,벤더 거래,0.35841766,35,저위험,"동일 문서유형 내 금액이 평균 대비 극단적 이상 (z=8.4) | 현지통화와 문서통화 금액 차이 발생 (차이: 20,621,832)",유사 거래 대비 금액 적정성 검토 필요 / 환율 적용 기준 및 환차손익 처리 적정성 확인 필요
5100028488,1,USA1,2021,13,8,2021-11-13,165020059.86,165020059.86,벤더 없는 거래 유형,0.3584105,35,저위험,"동일 문서유형 내 금액이 평균 대비 극단적 이상 (z=6.8) | 현지통화와 문서통화 금액 차이 발생 (차이: 17,006,597)",유사 거래 대비 금액 적정성 검토 필요 / 환율 적용 기준 및 환차손익 처리 적정성 확인 필요
5100022902,1,USA1,2020,13,8,2020-05-17,207428767.95,207428767.95,벤더 거래,0.3580353,35,저위험,"동일 문서유형 내 금액이 평균 대비 극단적 이상 (z=8.6) | 현지통화와 문서통화 금액 차이 발생 (차이: 21,086,492)",유사 거래 대비 금액 적정성 검토 필요 / 환율 적용 기준 및 환차손익 처리 적정성 확인 필요
5100027513,1,USA1,2021,13,8,2021-06-02,222271835.08,222271835.08,벤더 거래,0.35687807,35,저위험,"동일 문서유형 내 금액이 평균 대비 극단적 이상 (z=9.2) | 현지통화와 문서통화 금액 차이 발생 (차이: 22,593,593)",유사 거래 대비 금액 적정성 검토 필요 / 환율 적용 기준 및 환차손익 처리 적정성 확인 필요
1900000006,4,C001,2022,3,5,2022-02-10,576.0,144.0,벤더 없는 거래 유형,0.96755666,34,저위험,다중 피처 복합 패턴 — 원본 전표 검토 권고,"전표 전체 라인 및 관련 문서(PO, 청구서) 종합 검토 필요"
4900001569,4,C001,2022,17,13,2022-04-14,0.8,0.2,벤더 없는 거래 유형,0.9626225,34,저위험,다중 피처 복합 패턴 — 원본 전표 검토 권고,"전표 전체 라인 및 관련 문서(PO, 청구서) 종합 검토 필요"
1900000005,4,C001,2022,1,5,2022-02-10,576.0,144.0,벤더 없는 거래 유형,0.9578915,34,저위험,다중 피처 복합 패턴 — 원본 전표 검토 권고,"전표 전체 라인 및 관련 문서(PO, 청구서) 종합 검토 필요"
4900000028,9,EU01,2022,4,11,2022-03-30,79298209500.0,16094771000.0,벤더 없는 거래 유형,0.8250305,34,저위험,"금액이 1,000 단위 정수 (비정상 반올림 의심)",실제 청구서/계약서 금액과 대조 필요
5105600101,7,C001,2022,17,8,2022-01-23,120.0,24.0,벤더 없는 거래 유형,0.9466084,33,저위험,다중 피처 복합 패턴 — 원본 전표 검토 권고,"전표 전체 라인 및 관련 문서(PO, 청구서) 종합 검토 필요"
4900000091,10,EU01,2022,4,11,2022-04-02,19528903613.2,8258243586.6,벤더 없는 거래 유형,0.92247814,33,저위험,다중 피처 복합 패턴 — 원본 전표 검토 권고,"전표 전체 라인 및 관련 문서(PO, 청구서) 종합 검토 필요"
5100000010,2,USA1,2022,18,8,2022-02-02,160.0,80.0,벤더 없는 거래 유형,0.8014416,33,저위험,해당 사용자의 평소 전기 패턴에서 5.5σ 이탈,해당 사용자의 접근 권한 및 해당 시간대 업무 필요성 확인 필요
5100000009,2,USA1,2022,18,8,2022-02-02,240.0,120.0,벤더 없는 거래 유형,0.78974336,33,저위험,해당 사용자의 평소 전기 패턴에서 5.5σ 이탈,해당 사용자의 접근 권한 및 해당 시간대 업무 필요성 확인 필요
100000055,4,C003,2022,17,0,2022-03-28,33300.0,9990.0,벤더 없는 거래 유형,0.7084467,33,저위험,동일 문서유형 내 금액이 평균 대비 유의미한 이상 (z=4.9),유사 거래 대비 금액 적정성 검토 필요
5105600102,7,C001,2022,17,8,2022-01-23,1200.0,240.0,벤더 없는 거래 유형,0.9119966,32,저위험,다중 피처 복합 패턴 — 원본 전표 검토 권고,"전표 전체 라인 및 관련 문서(PO, 청구서) 종합 검토 필요"
1500000000,17,C003,2022,1,6,2022-02-16,23889.3,4254.25,벤더 거래,0.9021486,32,저위험,다중 피처 복합 패턴 — 원본 전표 검토 권고,"전표 전체 라인 및 관련 문서(PO, 청구서) 종합 검토 필요"
5105600103,7,C001,2022,17,8,2022-01-23,9600.0,1920.0,벤더 없는 거래 유형,0.8938884,32,저위험,다중 피처 복합 패턴 — 원본 전표 검토 권고,"전표 전체 라인 및 관련 문서(PO, 청구서) 종합 검토 필요"
5100000011,2,USA1,2022,18,8,2022-02-02,400.0,200.0,벤더 없는 거래 유형,0.7757781,32,저위험,해당 사용자의 평소 전기 패턴에서 5.5σ 이탈,해당 사용자의 접근 권한 및 해당 시간대 업무 필요성 확인 필요
90000707,4,C003,2022,7,9,2022-03-28,20000.0,6000.0,벤더 없는 거래 유형,0.7708608,32,저위험,"금액이 1,000 단위 정수 (비정상 반올림 의심)",실제 청구서/계약서 금액과 대조 필요
4900000014,6,C002,2022,15,11,2022-02-10,200002.0,50000.0,벤더 없는 거래 유형,0.75338244,32,저위험,"금액이 1,000 단위 정수 (비정상 반올림 의심)",실제 청구서/계약서 금액과 대조 필요
1500000003,6,C001,2022,1,6,2022-02-17,40048.0,10012.0,벤더 없는 거래 유형,0.7048681,32,저위험,동일 문서유형 내 금액이 평균 대비 유의미한 이상 (z=3.5),유사 거래 대비 금액 적정성 검토 필요
90000021,6,C003,2022,17,9,2022-01-25,55000.0,16500.0,벤더 없는 거래 유형,0.6860505,32,저위험,동일 문서유형 내 금액이 평균 대비 유의미한 이상 (z=4.0),유사 거래 대비 금액 적정성 검토 필요
4900000605,4,C001,2022,17,13,2022-03-19,40000.0,10000.0,벤더 없는 거래 유형,0.531789,32,저위험,"동일 문서유형 내 금액이 평균 대비 유의미한 이상 (z=4.0) | 금액이 1,000 단위 정수 (비정상 반올림 의심)",유사 거래 대비 금액 적정성 검토 필요 / 실제 청구서/계약서 금액과 대조 필요
5100029523,2,USA1,2021,13,8,2021-12-19,222862715.5,111991314.32,벤더 없는 거래 유형,0.489191,32,저위험,"동일 문서유형 내 금액이 평균 대비 유의미한 이상 (z=4.5) | 현지통화와 문서통화 금액 차이 발생 (차이: 11,269,909)",유사 거래 대비 금액 적정성 검토 필요 / 환율 적용 기준 및 환차손익 처리 적정성 확인 필요
5105600120,5,C001,2022,17,8,2022-02-02,7500.0,1500.0,벤더 없는 거래 유형,0.8746418,31,저위험,다중 피처 복합 패턴 — 원본 전표 검토 권고,"전표 전체 라인 및 관련 문서(PO, 청구서) 종합 검토 필요"
5105600136,6,C001,2022,2,8,2022-03-18,9600.0,2400.0,벤더 없는 거래 유형,0.8688575,31,저위험,다중 피처 복합 패턴 — 원본 전표 검토 권고,"전표 전체 라인 및 관련 문서(PO, 청구서) 종합 검토 필요"
5105600137,6,C001,2022,2,8,2022-03-18,9600.0,2400.0,벤더 없는 거래 유형,0.72555864,31,저위험,해당 사용자의 평소 전기 패턴에서 3.8σ 이탈,해당 사용자의 접근 권한 및 해당 시간대 업무 필요성 확인 필요
5105600138,6,C001,2022,2,8,2022-03-18,9600.0,2400.0,벤더 없는 거래 유형,0.72555864,31,저위험,해당 사용자의 평소 전기 패턴에서 3.8σ 이탈,해당 사용자의 접근 권한 및 해당 시간대 업무 필요성 확인 필요
5105600139,6,C001,2022,2,8,2022-03-18,9600.0,2400.0,벤더 없는 거래 유형,0.72555864,31,저위험,해당 사용자의 평소 전기 패턴에서 3.8σ 이탈,해당 사용자의 접근 권한 및 해당 시간대 업무 필요성 확인 필요
5100018006,2,USA1,2018,13,8,2018-12-22,191332536.44,96071962.94,벤더 거래,0.46525207,31,저위험,"동일 문서유형 내 금액이 평균 대비 유의미한 이상 (z=3.8) | 현지통화와 문서통화 금액 차이 발생 (차이: 9,753,937)",유사 거래 대비 금액 적정성 검토 필요 / 환율 적용 기준 및 환차손익 처리 적정성 확인 필요
5100017830,2,USA1,2018,13,8,2018-12-01,188261849.43,94530108.46,벤더 거래,0.46292228,31,저위험,"동일 문서유형 내 금액이 평균 대비 유의미한 이상 (z=3.8) | 현지통화와 문서통화 금액 차이 발생 (차이: 9,597,396)",유사 거래 대비 금액 적정성 검토 필요 / 환율 적용 기준 및 환차손익 처리 적정성 확인 필요
5100021811,2,USA1,2019,13,8,2019-12-07,235166683.44,118081926.83,벤더 거래,0.45901686,31,저위험,"동일 문서유형 내 금액이 평균 대비 유의미한 이상 (z=4.8) | 현지통화와 문서통화 금액 차이 발생 (차이: 11,999,989)",유사 거래 대비 금액 적정성 검토 필요 / 환율 적용 기준 및 환차손익 처리 적정성 확인 필요
5100029387,2,USA1,2021,13,8,2021-12-11,187964397.15,94454470.93,벤더 없는 거래 유형,0.45713305,31,저위험,"동일 문서유형 내 금액이 평균 대비 유의미한 이상 (z=3.7) | 현지통화와 문서통화 금액 차이 발생 (차이: 9,505,141)",유사 거래 대비 금액 적정성 검토 필요 / 환율 적용 기준 및 환차손익 처리 적정성 확인 필요
5100029521,2,USA1,2021,13,8,2021-12-19,179731798.73000002,90317486.8,벤더 없는 거래 유형,0.45442846,31,저위험,"동일 문서유형 내 금액이 평균 대비 유의미한 이상 (z=3.6) | 현지통화와 문서통화 금액 차이 발생 (차이: 9,088,828)",유사 거래 대비 금액 적정성 검토 필요 / 환율 적용 기준 및 환차손익 처리 적정성 확인 필요
4900001568,4,C001,2022,17,13,2022-04-14,0.8,0.2,벤더 없는 거래 유형,0.86151,30,저위험,다중 피처 복합 패턴 — 원본 전표 검토 권고,"전표 전체 라인 및 관련 문서(PO, 청구서) 종합 검토 필요"
90000544,15,C001,2022,2,9,2022-03-18,34579.340000000004,7446.0,벤더 없는 거래 유형,0.69964284,30,저위험,해당 사용자의 평소 전기 패턴에서 3.8σ 이탈,해당 사용자의 접근 권한 및 해당 시간대 업무 필요성 확인 필요
90000545,15,C001,2022,2,9,2022-03-18,30435.03,5482.5,벤더 없는 거래 유형,0.69959366,30,저위험,해당 사용자의 평소 전기 패턴에서 3.8σ 이탈,해당 사용자의 접근 권한 및 해당 시간대 업무 필요성 확인 필요
90000543,13,C001,2022,2,9,2022-03-18,16777.100000000002,4016.05,벤더 없는 거래 유형,0.6989888,30,저위험,해당 사용자의 평소 전기 패턴에서 3.8σ 이탈,해당 사용자의 접근 권한 및 해당 시간대 업무 필요성 확인 필요
100000044,4,C003,2022,17,0,2022-03-28,31250.0,9375.0,벤더 없는 거래 유형,0.63350093,30,저위험,동일 문서유형 내 금액이 평균 대비 유의미한 이상 (z=4.6),유사 거래 대비 금액 적정성 검토 필요
1400000000,19,C004,2022,1,3,2022-02-01,294352.8,52038.7,벤더 없는 거래 유형,0.628469,30,저위험,동일 문서유형 내 금액이 평균 대비 유의미한 이상 (z=3.2),유사 거래 대비 금액 적정성 검토 필요
4900000046,2,USA1,2022,19,13,2022-02-23,2000.0,1000.0,벤더 없는 거래 유형,0.5742778,30,저위험,"금액이 1,000 단위 정수 (비정상 반올림 의심) | 해당 사용자의 평소 전기 패턴에서 3.2σ 이탈",실제 청구서/계약서 금액과 대조 필요 / 해당 사용자의 접근 권한 및 해당 시간대 업무 필요성 확인 필요
5100021983,2,USA1,2019,13,8,2019-12-28,153871493.99,77261975.33,벤더 거래,0.43048486,30,저위험,"동일 문서유형 내 금액이 평균 대비 유의미한 이상 (z=3.0) | 현지통화와 문서통화 금액 차이 발생 (차이: 7,851,691)",유사 거래 대비 금액 적정성 검토 필요 / 환율 적용 기준 및 환차손익 처리 적정성 확인 필요
5100029704,1,USA1,2022,13,8,2022-03-06,119203855.87,119203855.87,벤더 거래,0.41463518,30,저위험,"동일 문서유형 내 금액이 평균 대비 유의미한 이상 (z=4.8) | 현지통화와 문서통화 금액 차이 발생 (차이: 12,112,080)",유사 거래 대비 금액 적정성 검토 필요 / 환율 적용 기준 및 환차손익 처리 적정성 확인 필요
5100029882,1,USA1,2022,13,8,2022-03-20,113215609.39,113215609.39,벤더 거래,0.41279337,30,저위험,"동일 문서유형 내 금액이 평균 대비 유의미한 이상 (z=4.6) | 현지통화와 문서통화 금액 차이 발생 (차이: 11,503,625)",유사 거래 대비 금액 적정성 검토 필요 / 환율 적용 기준 및 환차손익 처리 적정성 확인 필요
5105600143,3,C003,2022,21,8,2022-04-24,1800.0,900.0,벤더 없는 거래 유형,0.83152515,29,저위험,다중 피처 복합 패턴 — 원본 전표 검토 권고,"전표 전체 라인 및 관련 문서(PO, 청구서) 종합 검토 필요"
1900000010,7,C001,2022,1,5,2022-02-17,12000.0,2400.0,벤더 거래,0.82647234,29,저위험,다중 피처 복합 패턴 — 원본 전표 검토 권고,"전표 전체 라인 및 관련 문서(PO, 청구서) 종합 검토 필요"
1400000031,4,C001,2022,1,3,2022-03-16,157322.0,39330.5,벤더 없는 거래 유형,0.81675494,29,저위험,다중 피처 복합 패턴 — 원본 전표 검토 권고,"전표 전체 라인 및 관련 문서(PO, 청구서) 종합 검토 필요"
1400000007,14,C003,2022,1,3,2022-03-22,22687.08,5047.8,벤더 없는 거래 유형,0.8102264,29,저위험,다중 피처 복합 패턴 — 원본 전표 검토 권고,"전표 전체 라인 및 관련 문서(PO, 청구서) 종합 검토 필요"
90000104,2,C001,2022,21,9,2022-03-09,8000.0,4000.0,벤더 없는 거래 유형,0.6896606,29,저위험,"금액이 1,000 단위 정수 (비정상 반올림 의심)",실제 청구서/계약서 금액과 대조 필요
100000036,4,C003,2022,17,0,2022-03-28,30350.0,9105.0,벤더 없는 거래 유형,0.60234666,29,저위험,동일 문서유형 내 금액이 평균 대비 유의미한 이상 (z=4.4),유사 거래 대비 금액 적정성 검토 필요
90000060,4,C001,2022,3,9,2022-01-24,46005.0,14052.5,벤더 없는 거래 유형,0.59735316,29,저위험,동일 문서유형 내 금액이 평균 대비 유의미한 이상 (z=3.4),유사 거래 대비 금액 적정성 검토 필요
5100029822,2,USA1,2022,13,8,2022-03-27,214468199.99,107781188.05,벤더 거래,0.40815866,29,저위험,"동일 문서유형 내 금액이 평균 대비 유의미한 이상 (z=4.3) | 현지통화와 문서통화 금액 차이 발생 (차이: 10,951,444)",유사 거래 대비 금액 적정성 검토 필요 / 환율 적용 기준 및 환차손익 처리 적정성 확인 필요
5100029400,1,USA1,2021,13,8,2021-12-02,116182114.28,116182114.28,벤더 없는 거래 유형,0.4069208,29,저위험,"동일 문서유형 내 금액이 평균 대비 유의미한 이상 (z=4.7) | 현지통화와 문서통화 금액 차이 발생 (차이: 11,809,735)",유사 거래 대비 금액 적정성 검토 필요 / 환율 적용 기준 및 환차손익 처리 적정성 확인 필요
5100029883,2,USA1,2022,13,8,2022-03-20,206714809.64,103884714.71,벤더 거래,0.4049749,29,저위험,"동일 문서유형 내 금액이 평균 대비 유의미한 이상 (z=4.2) | 현지통화와 문서통화 금액 차이 발생 (차이: 10,555,531)",유사 거래 대비 금액 적정성 검토 필요 / 환율 적용 기준 및 환차손익 처리 적정성 확인 필요
5100029878,2,USA1,2022,13,8,2022-03-20,201523172.63,101275652.83,벤더 거래,0.40452814,29,저위험,"동일 문서유형 내 금액이 평균 대비 유의미한 이상 (z=4.1) | 현지통화와 문서통화 금액 차이 발생 (차이: 10,290,429)",유사 거래 대비 금액 적정성 검토 필요 / 환율 적용 기준 및 환차손익 처리 적정성 확인 필요
5100029880,2,USA1,2022,13,8,2022-03-20,179074275.17000002,89993939.09,벤더 거래,0.40339732,29,저위험,"동일 문서유형 내 금액이 평균 대비 유의미한 이상 (z=3.6) | 현지통화와 문서통화 금액 차이 발생 (차이: 9,144,115)",유사 거래 대비 금액 적정성 검토 필요 / 환율 적용 기준 및 환차손익 처리 적정성 확인 필요
5100029328,1,USA1,2021,13,8,2021-12-10,106712356.9,106712356.9,벤더 없는 거래 유형,0.3895493,29,저위험,"동일 문서유형 내 금액이 평균 대비 유의미한 이상 (z=4.3) | 현지통화와 문서통화 금액 차이 발생 (차이: 10,847,148)",유사 거래 대비 금액 적정성 검토 필요 / 환율 적용 기준 및 환차손익 처리 적정성 확인 필요
5100029357,1,USA1,2021,13,8,2021-12-07,104966922.7,104966922.7,벤더 없는 거래 유형,0.3852566,29,저위험,"동일 문서유형 내 금액이 평균 대비 유의미한 이상 (z=4.2) | 현지통화와 문서통화 금액 차이 발생 (차이: 10,669,728)",유사 거래 대비 금액 적정성 검토 필요 / 환율 적용 기준 및 환차손익 처리 적정성 확인 필요
5100018096,1,USA1,2019,13,8,2019-03-16,113808184.96,113808184.96,벤더 거래,0.38472858,29,저위험,"동일 문서유형 내 금액이 평균 대비 유의미한 이상 (z=4.6) | 현지통화와 문서통화 금액 차이 발생 (차이: 11,565,673)",유사 거래 대비 금액 적정성 검토 필요 / 환율 적용 기준 및 환차손익 처리 적정성 확인 필요
5100018253,1,USA1,2019,13,8,2019-03-30,115096879.6,115096879.6,벤더 거래,0.3847002,29,저위험,"동일 문서유형 내 금액이 평균 대비 유의미한 이상 (z=4.6) | 현지통화와 문서통화 금액 차이 발생 (차이: 11,696,636)",유사 거래 대비 금액 적정성 검토 필요 / 환율 적용 기준 및 환차손익 처리 적정성 확인 필요
5100026124,1,USA1,2021,13,8,2021-03-14,78986650.58,78986650.58,벤더 거래,0.38378283,29,저위험,"동일 문서유형 내 금액이 평균 대비 유의미한 이상 (z=3.1) | 현지통화와 문서통화 금액 차이 발생 (차이: 8,028,873)",유사 거래 대비 금액 적정성 검토 필요 / 환율 적용 기준 및 환차손익 처리 적정성 확인 필요
5100018218,1,USA1,2019,13,8,2019-03-24,102586087.58,102586087.58,벤더 거래,0.38370267,29,저위험,"동일 문서유형 내 금액이 평균 대비 유의미한 이상 (z=4.1) | 현지통화와 문서통화 금액 차이 발생 (차이: 10,425,236)",유사 거래 대비 금액 적정성 검토 필요 / 환율 적용 기준 및 환차손익 처리 적정성 확인 필요
5105600104,7,C001,2022,17,8,2022-01-24,800.0,160.0,벤더 없는 거래 유형,0.79408336,28,저위험,다중 피처 복합 패턴 — 원본 전표 검토 권고,"전표 전체 라인 및 관련 문서(PO, 청구서) 종합 검토 필요"
5105600151,3,C003,2022,17,8,2022-04-24,900.0,450.0,벤더 없는 거래 유형,0.7887135,28,저위험,다중 피처 복합 패턴 — 원본 전표 검토 권고,"전표 전체 라인 및 관련 문서(PO, 청구서) 종합 검토 필요"
90000136,2,C002,2022,21,9,2022-03-21,16000.0,8000.0,벤더 없는 거래 유형,0.64191,28,저위험,"금액이 1,000 단위 정수 (비정상 반올림 의심)",실제 청구서/계약서 금액과 대조 필요
5000000008,7,EU01,2022,8,12,2022-02-11,4176.0,1600.0,벤더 거래,0.61141604,28,저위험,"금액이 1,000 단위 정수 (비정상 반올림 의심) | 해당 사용자의 평소 전기 패턴에서 3.5σ 이탈",실제 청구서/계약서 금액과 대조 필요 / 해당 사용자의 접근 권한 및 해당 시간대 업무 필요성 확인 필요
5100029454,2,USA1,2021,13,8,2021-12-25,153143800.22,76956683.53,벤더 거래,0.3944389,28,저위험,"동일 문서유형 내 금액이 평균 대비 유의미한 이상 (z=3.0) | 현지통화와 문서통화 금액 차이 발생 (차이: 7,822,530)",유사 거래 대비 금액 적정성 검토 필요 / 환율 적용 기준 및 환차손익 처리 적정성 확인 필요
5100026082,1,USA1,2021,13,8,2021-03-21,87425574.31,87425574.31,벤더 거래,0.3804175,28,저위험,"동일 문서유형 내 금액이 평균 대비 유의미한 이상 (z=3.5) | 현지통화와 문서통화 금액 차이 발생 (차이: 8,886,676)",유사 거래 대비 금액 적정성 검토 필요 / 환율 적용 기준 및 환차손익 처리 적정성 확인 필요
5100022031,1,USA1,2020,13,8,2020-03-08,93633602.56,93633602.56,벤더 거래,0.37169823,28,저위험,"동일 문서유형 내 금액이 평균 대비 유의미한 이상 (z=3.7) | 현지통화와 문서통화 금액 차이 발생 (차이: 9,518,469)",유사 거래 대비 금액 적정성 검토 필요 / 환율 적용 기준 및 환차손익 처리 적정성 확인 필요
4900000159,2,USA1,2022,4,11,2022-04-02,18132461170.0,9066230585.0,벤더 없는 거래 유형,0.77385503,27,저위험,다중 피처 복합 패턴 — 원본 전표 검토 권고,"전표 전체 라인 및 관련 문서(PO, 청구서) 종합 검토 필요"
90001267,16,C001,2022,2,9,2022-04-12,4111.44,648.26,벤더 없는 거래 유형,0.7665442,27,저위험,다중 피처 복합 패턴 — 원본 전표 검토 권고,"전표 전체 라인 및 관련 문서(PO, 청구서) 종합 검토 필요"
1700000000,5,C001,2022,1,4,2022-02-10,8000.0,1600.0,벤더 거래,0.7663141,27,저위험,다중 피처 복합 패턴 — 원본 전표 검토 권고,"전표 전체 라인 및 관련 문서(PO, 청구서) 종합 검토 필요"
5105600152,3,C003,2022,2,8,2022-04-24,1650.0,825.0,벤더 없는 거래 유형,0.7639405,27,저위험,다중 피처 복합 패턴 — 원본 전표 검토 권고,"전표 전체 라인 및 관련 문서(PO, 청구서) 종합 검토 필요"
4900000163,2,USA1,2022,4,11,2022-04-02,17090174886.0,8545087443.0,벤더 없는 거래 유형,0.7615574,27,저위험,다중 피처 복합 패턴 — 원본 전표 검토 권고,"전표 전체 라인 및 관련 문서(PO, 청구서) 종합 검토 필요"
4900000020,2,USA1,2022,11,13,2022-01-24,400.0,200.0,벤더 없는 거래 유형,0.7569223,27,저위험,다중 피처 복합 패턴 — 원본 전표 검토 권고,"전표 전체 라인 및 관련 문서(PO, 청구서) 종합 검토 필요"
4900000022,2,USA1,2022,11,13,2022-01-24,400.0,200.0,벤더 없는 거래 유형,0.7569223,27,저위험,다중 피처 복합 패턴 — 원본 전표 검토 권고,"전표 전체 라인 및 관련 문서(PO, 청구서) 종합 검토 필요"
5105600116,7,C005,2022,17,8,2022-02-01,105.0,21.0,벤더 없는 거래 유형,0.7537781,27,저위험,다중 피처 복합 패턴 — 원본 전표 검토 권고,"전표 전체 라인 및 관련 문서(PO, 청구서) 종합 검토 필요"
100000003,16,C002,2022,3,0,2022-02-03,40650.0,6912.0,벤더 없는 거래 유형,0.7473199,27,저위험,동일 문서유형 내 금액이 평균 대비 유의미한 이상 (z=3.2),유사 거래 대비 금액 적정성 검토 필요
4900000037,2,USA1,2022,13,11,2022-02-06,400.0,200.0,벤더 없는 거래 유형,0.6274789,27,저위험,해당 사용자의 평소 전기 패턴에서 3.7σ 이탈,해당 사용자의 접근 권한 및 해당 시간대 업무 필요성 확인 필요
4900000027,10,EU01,2022,4,11,2022-03-30,29833832200.0,11933181000.0,벤더 없는 거래 유형,0.6266218,27,저위험,"금액이 1,000 단위 정수 (비정상 반올림 의심)",실제 청구서/계약서 금액과 대조 필요
5000017546,2,USA1,2018,19,12,2018-05-30,3687819.88,1843909.94,벤더 거래,0.562862,27,저위험,"현지통화와 문서통화 금액 차이 발생 (차이: 117,696)",환율 적용 기준 및 환차손익 처리 적정성 확인 필요
5000017462,2,USA1,2018,19,12,2018-05-25,3370621.92,1685310.96,벤더 거래,0.5612881,27,저위험,"현지통화와 문서통화 금액 차이 발생 (차이: 107,573)",환율 적용 기준 및 환차손익 처리 적정성 확인 필요
5000017549,2,USA1,2018,19,12,2018-05-11,3339175.54,1669587.77,벤더 거래,0.5611265,27,저위험,"현지통화와 문서통화 금액 차이 발생 (차이: 106,569)",환율 적용 기준 및 환차손익 처리 적정성 확인 필요
5000017548,2,USA1,2018,19,12,2018-05-21,3307260.84,1653630.42,벤더 거래,0.56096107,27,저위험,"현지통화와 문서통화 금액 차이 발생 (차이: 105,551)",환율 적용 기준 및 환차손익 처리 적정성 확인 필요
5000017468,2,USA1,2018,19,12,2018-04-23,3020694.22,1510347.11,벤더 거래,0.56026155,27,저위험,"현지통화와 문서통화 금액 차이 발생 (차이: 96,405)",환율 적용 기준 및 환차손익 처리 적정성 확인 필요
5000017545,2,USA1,2018,19,12,2018-05-25,3124423.44,1562211.72,벤더 거래,0.5599909,27,저위험,"현지통화와 문서통화 금액 차이 발생 (차이: 99,716)",환율 적용 기준 및 환차손익 처리 적정성 확인 필요
5000017547,2,USA1,2018,19,12,2018-04-20,2939910.08,1469955.04,벤더 거래,0.5597421,27,저위험,"현지통화와 문서통화 금액 차이 발생 (차이: 93,827)",환율 적용 기준 및 환차손익 처리 적정성 확인 필요
5000017636,2,USA1,2018,19,12,2018-04-24,2899322.72,1449661.36,벤더 거래,0.559478,27,저위험,"현지통화와 문서통화 금액 차이 발생 (차이: 92,532)",환율 적용 기준 및 환차손익 처리 적정성 확인 필요
5000017463,2,USA1,2018,19,12,2018-05-31,2563480.12,1281740.06,벤더 거래,0.5567298,27,저위험,"현지통화와 문서통화 금액 차이 발생 (차이: 81,813)",환율 적용 기준 및 환차손익 처리 적정성 확인 필요
5000017464,2,USA1,2018,19,12,2018-05-29,2397746.92,1198873.46,벤더 거래,0.55566794,27,저위험,"현지통화와 문서통화 금액 차이 발생 (차이: 76,524)",환율 적용 기준 및 환차손익 처리 적정성 확인 필요
5000017639,2,USA1,2018,19,12,2018-05-15,2279856.86,1139928.43,벤더 거래,0.55487984,27,저위험,"현지통화와 문서통화 금액 차이 발생 (차이: 72,761)",환율 적용 기준 및 환차손익 처리 적정성 확인 필요
5000017448,2,USA1,2018,19,12,2018-05-25,2212705.48,1106352.74,벤더 거래,0.5544178,27,저위험,"현지통화와 문서통화 금액 차이 발생 (차이: 70,618)",환율 적용 기준 및 환차손익 처리 적정성 확인 필요
5000017454,2,USA1,2018,19,12,2018-05-31,2118790.8,1059395.4,벤더 거래,0.5537546,27,저위험,"현지통화와 문서통화 금액 차이 발생 (차이: 67,621)",환율 적용 기준 및 환차손익 처리 적정성 확인 필요
5000017452,2,USA1,2018,19,12,2018-05-23,2073095.9,1036547.95,벤더 거래,0.5534243,27,저위험,"현지통화와 문서통화 금액 차이 발생 (차이: 66,163)",환율 적용 기준 및 환차손익 처리 적정성 확인 필요
5000017451,2,USA1,2018,19,12,2018-05-10,2024597.12,1012298.56,벤더 거래,0.55306804,27,저위험,"현지통화와 문서통화 금액 차이 발생 (차이: 64,615)",환율 적용 기준 및 환차손익 처리 적정성 확인 필요
5000017635,2,USA1,2018,19,12,2018-05-14,2024395.84,1012197.92,벤더 거래,0.55306655,27,저위험,"현지통화와 문서통화 금액 차이 발생 (차이: 64,608)",환율 적용 기준 및 환차손익 처리 적정성 확인 필요
90000102,4,C002,2022,17,9,2022-03-16,52984.5,13350.0,벤더 없는 거래 유형,0.53328604,27,저위험,동일 문서유형 내 금액이 평균 대비 유의미한 이상 (z=3.2),유사 거래 대비 금액 적정성 검토 필요
4900000634,4,C001,2022,2,13,2022-03-19,8000.0,2000.0,벤더 없는 거래 유형,0.47337046,27,저위험,"금액이 1,000 단위 정수 (비정상 반올림 의심) | 해당 사용자의 평소 전기 패턴에서 3.3σ 이탈",실제 청구서/계약서 금액과 대조 필요 / 해당 사용자의 접근 권한 및 해당 시간대 업무 필요성 확인 필요
5105600153,3,C003,2022,17,8,2022-04-25,1080.0,540.0,벤더 없는 거래 유형,0.7494641,26,저위험,다중 피처 복합 패턴 — 원본 전표 검토 권고,"전표 전체 라인 및 관련 문서(PO, 청구서) 종합 검토 필요"
4900000021,2,USA1,2022,11,13,2022-01-24,400.0,200.0,벤더 없는 거래 유형,0.7462944,26,저위험,다중 피처 복합 패턴 — 원본 전표 검토 권고,"전표 전체 라인 및 관련 문서(PO, 청구서) 종합 검토 필요"
1900000007,4,C001,2022,3,5,2022-02-14,432.0,108.0,벤더 없는 거래 유형,0.7373224,26,저위험,다중 피처 복합 패턴 — 원본 전표 검토 권고,"전표 전체 라인 및 관련 문서(PO, 청구서) 종합 검토 필요"
5105600157,3,C003,2022,2,8,2022-04-25,945.0,472.5,벤더 없는 거래 유형,0.7251826,26,저위험,다중 피처 복합 패턴 — 원본 전표 검토 권고,"전표 전체 라인 및 관련 문서(PO, 청구서) 종합 검토 필요"
5105600118,5,C001,2022,17,8,2022-02-02,7500.0,1500.0,벤더 없는 거래 유형,0.7243412,26,저위험,다중 피처 복합 패턴 — 원본 전표 검토 권고,"전표 전체 라인 및 관련 문서(PO, 청구서) 종합 검토 필요"
5105600119,5,C001,2022,17,8,2022-02-02,7500.0,1500.0,벤더 없는 거래 유형,0.7243412,26,저위험,다중 피처 복합 패턴 — 원본 전표 검토 권고,"전표 전체 라인 및 관련 문서(PO, 청구서) 종합 검토 필요"
4900000011,5,EU01,2022,8,11,2022-02-06,20576.0,20000.0,벤더 없는 거래 유형,0.60021126,26,저위험,해당 사용자의 평소 전기 패턴에서 3.5σ 이탈,해당 사용자의 접근 권한 및 해당 시간대 업무 필요성 확인 필요
5000017488,2,USA1,2018,19,12,2018-05-24,1934462.78,967231.39,벤더 거래,0.5523895,26,저위험,"현지통화와 문서통화 금액 차이 발생 (차이: 61,738)",환율 적용 기준 및 환차손익 처리 적정성 확인 필요
5000017467,2,USA1,2018,19,12,2018-05-11,1892237.34,946118.67,벤더 거래,0.5520641,26,저위험,"현지통화와 문서통화 금액 차이 발생 (차이: 60,391)",환율 적용 기준 및 환차손익 처리 적정성 확인 필요
5000017486,2,USA1,2018,19,12,2018-05-14,1831397.14,915698.57,벤더 거래,0.55158585,26,저위험,"현지통화와 문서통화 금액 차이 발생 (차이: 58,449)",환율 적용 기준 및 환차손익 처리 적정성 확인 필요
5000017484,2,USA1,2018,19,12,2018-05-08,1190767.74,595383.87,벤더 거래,0.54572546,26,저위험,"현지통화와 문서통화 금액 차이 발생 (차이: 38,003)",환율 적용 기준 및 환차손익 처리 적정성 확인 필요
5000017489,2,USA1,2018,19,12,2018-04-18,1178623.62,589311.81,벤더 거래,0.5451628,26,저위험,"현지통화와 문서통화 금액 차이 발생 (차이: 37,616)",환율 적용 기준 및 환차손익 처리 적정성 확인 필요
5000017466,2,USA1,2018,19,12,2018-05-13,3912221.12,1956110.56,벤더 거래,0.5410083,26,저위험,"현지통화와 문서통화 금액 차이 발생 (차이: 124,858)",환율 적용 기준 및 환차손익 처리 적정성 확인 필요
5000017637,2,USA1,2018,19,12,2018-04-07,2778409.58,1389204.79,벤더 거래,0.5378606,26,저위험,"현지통화와 문서통화 금액 차이 발생 (차이: 88,673)",환율 적용 기준 및 환차손익 처리 적정성 확인 필요
5000017465,2,USA1,2018,19,12,2018-05-26,3082841.68,1541420.84,벤더 거래,0.5355274,26,저위험,"현지통화와 문서통화 금액 차이 발생 (차이: 98,389)",환율 적용 기준 및 환차손익 처리 적정성 확인 필요
5000017450,2,USA1,2018,19,12,2018-04-29,2469236.64,1234618.32,벤더 거래,0.5354084,26,저위험,"현지통화와 문서통화 금액 차이 발생 (차이: 78,805)",환율 적용 기준 및 환차손익 처리 적정성 확인 필요
5000017638,2,USA1,2018,19,12,2018-05-27,2861760.44,1430880.22,벤더 거래,0.53395945,26,저위험,"현지통화와 문서통화 금액 차이 발생 (차이: 91,333)",환율 적용 기준 및 환차손익 처리 적정성 확인 필요
5000017634,2,USA1,2018,19,12,2018-05-20,2790274.72,1395137.36,벤더 거래,0.53344035,26,저위험,"현지통화와 문서통화 금액 차이 발생 (차이: 89,051)",환율 적용 기준 및 환차손익 처리 적정성 확인 필요
5000017453,2,USA1,2018,19,12,2018-04-29,2223329.1,1111664.55,벤더 거래,0.53337765,26,저위험,"현지통화와 문서통화 금액 차이 발생 (차이: 70,957)",환율 적용 기준 및 환차손익 처리 적정성 확인 필요
5000017487,2,USA1,2018,19,12,2018-04-07,1386775.58,693387.79,벤더 거래,0.5256333,26,저위험,"현지통화와 문서통화 금액 차이 발생 (차이: 44,259)",환율 적용 기준 및 환차손익 처리 적정성 확인 필요
100000037,4,C003,2022,17,0,2022-03-28,27875.0,8362.5,벤더 없는 거래 유형,0.52258396,26,저위험,동일 문서유형 내 금액이 평균 대비 유의미한 이상 (z=4.0),유사 거래 대비 금액 적정성 검토 필요
100000035,4,C003,2022,17,0,2022-03-28,27680.0,8304.0,벤더 없는 거래 유형,0.5166614,26,저위험,동일 문서유형 내 금액이 평균 대비 유의미한 이상 (z=4.0),유사 거래 대비 금액 적정성 검토 필요
100000063,4,C003,2022,17,0,2022-03-28,27680.0,8304.0,벤더 없는 거래 유형,0.5166614,26,저위험,동일 문서유형 내 금액이 평균 대비 유의미한 이상 (z=4.0),유사 거래 대비 금액 적정성 검토 필요
90000717,4,C001,2022,17,9,2022-03-23,54601.5,13950.75,벤더 없는 거래 유형,0.5064634,26,저위험,동일 문서유형 내 금액이 평균 대비 유의미한 이상 (z=3.2),유사 거래 대비 금액 적정성 검토 필요
100000043,4,C003,2022,17,0,2022-03-28,27180.0,8154.0,벤더 없는 거래 유형,0.5017299,26,저위험,동일 문서유형 내 금액이 평균 대비 유의미한 이상 (z=3.9),유사 거래 대비 금액 적정성 검토 필요
4900000599,2,C001,2022,17,13,2022-03-19,16000.0,8000.0,벤더 없는 거래 유형,0.36473686,26,저위험,"동일 문서유형 내 금액이 평균 대비 유의미한 이상 (z=3.2) | 금액이 1,000 단위 정수 (비정상 반올림 의심)",유사 거래 대비 금액 적정성 검토 필요 / 실제 청구서/계약서 금액과 대조 필요
1900000008,5,C001,2022,3,5,2022-02-14,4000.0,800.0,벤더 거래,0.7218345,25,저위험,다중 피처 복합 패턴 — 원본 전표 검토 권고,"전표 전체 라인 및 관련 문서(PO, 청구서) 종합 검토 필요"
4900001618,4,C005,2022,17,13,2022-03-31,367.2,91.8,벤더 없는 거래 유형,0.721176,25,저위험,다중 피처 복합 패턴 — 원본 전표 검토 권고,"전표 전체 라인 및 관련 문서(PO, 청구서) 종합 검토 필요"
5105600156,3,C003,2022,2,8,2022-04-25,1260.0,630.0,벤더 없는 거래 유형,0.719605,25,저위험,다중 피처 복합 패턴 — 원본 전표 검토 권고,"전표 전체 라인 및 관련 문서(PO, 청구서) 종합 검토 필요"
90000063,9,C001,2022,17,9,2022-02-01,65725.0,9845.0,벤더 없는 거래 유형,0.7180006,25,저위험,다중 피처 복합 패턴 — 원본 전표 검토 권고,"전표 전체 라인 및 관련 문서(PO, 청구서) 종합 검토 필요"
5105600154,3,C003,2022,2,8,2022-04-25,1440.0,720.0,벤더 없는 거래 유형,0.7171339,25,저위험,다중 피처 복합 패턴 — 원본 전표 검토 권고,"전표 전체 라인 및 관련 문서(PO, 청구서) 종합 검토 필요"
5105600155,3,C003,2022,2,8,2022-04-25,1800.0,900.0,벤더 없는 거래 유형,0.71290004,25,저위험,다중 피처 복합 패턴 — 원본 전표 검토 권고,"전표 전체 라인 및 관련 문서(PO, 청구서) 종합 검토 필요"
4900000019,2,USA1,2022,11,13,2022-01-24,400.0,200.0,벤더 없는 거래 유형,0.69444627,25,저위험,다중 피처 복합 패턴 — 원본 전표 검토 권고,"전표 전체 라인 및 관련 문서(PO, 청구서) 종합 검토 필요"
4900000057,4,C001,2022,3,11,2022-01-24,8000.0,2000.0,벤더 없는 거래 유형,0.5779295,25,저위험,"금액이 1,000 단위 정수 (비정상 반올림 의심)",실제 청구서/계약서 금액과 대조 필요
5100000020,2,USA1,2022,13,8,2022-02-06,20.0,10.0,벤더 거래,0.56999016,25,저위험,해당 사용자의 평소 전기 패턴에서 3.7σ 이탈,해당 사용자의 접근 권한 및 해당 시간대 업무 필요성 확인 필요
1400000003,16,C002,2022,1,3,2022-02-17,71307.28,15804.0,벤더 없는 거래 유형,0.5549224,25,저위험,"금액이 1,000 단위 정수 (비정상 반올림 의심)",실제 청구서/계약서 금액과 대조 필요
5000017449,2,USA1,2018,19,12,2018-05-27,1463735.52,731867.76,벤더 거래,0.52214706,25,저위험,"현지통화와 문서통화 금액 차이 발생 (차이: 46,715)",환율 적용 기준 및 환차손익 처리 적정성 확인 필요
5000017485,2,USA1,2018,19,12,2018-05-27,1421508.08,710754.04,벤더 거래,0.5217142,25,저위험,"현지통화와 문서통화 금액 차이 발생 (차이: 45,367)",환율 적용 기준 및 환차손익 처리 적정성 확인 필요
100000025,4,C002,2022,17,0,2022-03-28,27762.0,7271.0,벤더 없는 거래 유형,0.4727393,25,저위험,동일 문서유형 내 금액이 평균 대비 유의미한 이상 (z=3.4),유사 거래 대비 금액 적정성 검토 필요
5100000007,2,EU01,2022,8,8,2022-02-06,2000.0,1000.0,벤더 없는 거래 유형,0.4256569,25,저위험,"금액이 1,000 단위 정수 (비정상 반올림 의심) | 해당 사용자의 평소 전기 패턴에서 3.5σ 이탈",실제 청구서/계약서 금액과 대조 필요 / 해당 사용자의 접근 권한 및 해당 시간대 업무 필요성 확인 필요
5105600135,6,C001,2022,2,8,2022-03-18,9600.0,2400.0,벤더 없는 거래 유형,0.68995863,24,저위험,다중 피처 복합 패턴 — 원본 전표 검토 권고,"전표 전체 라인 및 관련 문서(PO, 청구서) 종합 검토 필요"
4900000101,4,EU01,2022,4,11,2022-04-03,11568480050.810001,6361877120.63,벤더 없는 거래 유형,0.5425675,24,저위험,해당 사용자의 평소 전기 패턴에서 3.3σ 이탈,해당 사용자의 접근 권한 및 해당 시간대 업무 필요성 확인 필요
5100000006,2,EU01,2022,8,8,2022-02-06,400.0,200.0,벤더 없는 거래 유형,0.54213154,24,저위험,해당 사용자의 평소 전기 패턴에서 4.1σ 이탈,해당 사용자의 접근 권한 및 해당 시간대 업무 필요성 확인 필요
5100000005,2,EU01,2022,8,8,2022-02-06,400.0,200.0,벤더 없는 거래 유형,0.5346578,24,저위험,해당 사용자의 평소 전기 패턴에서 4.1σ 이탈,해당 사용자의 접근 권한 및 해당 시간대 업무 필요성 확인 필요
100000020,2,C003,2022,17,0,2022-03-28,15564.0,7782.0,벤더 없는 거래 유형,0.46582815,24,저위험,동일 문서유형 내 금액이 평균 대비 유의미한 이상 (z=3.7),유사 거래 대비 금액 적정성 검토 필요
100000067,2,C003,2022,17,0,2022-03-28,15144.0,7572.0,벤더 없는 거래 유형,0.44637588,24,저위험,동일 문서유형 내 금액이 평균 대비 유의미한 이상 (z=3.6),유사 거래 대비 금액 적정성 검토 필요
100000023,6,C004,2022,17,0,2022-03-28,28641.4,7770.7,벤더 없는 거래 유형,0.44135275,24,저위험,동일 문서유형 내 금액이 평균 대비 유의미한 이상 (z=3.7),유사 거래 대비 금액 적정성 검토 필요
5105600158,2,C003,2022,2,8,2022-04-25,800.0,600.0,벤더 없는 거래 유형,0.6647791,23,저위험,다중 피처 복합 패턴 — 원본 전표 검토 권고,"전표 전체 라인 및 관련 문서(PO, 청구서) 종합 검토 필요"
5105600133,6,C001,2022,17,8,2022-03-18,1440.0,360.0,벤더 없는 거래 유형,0.66291827,23,저위험,다중 피처 복합 패턴 — 원본 전표 검토 권고,"전표 전체 라인 및 관련 문서(PO, 청구서) 종합 검토 필요"
90000067,9,C001,2022,3,9,2022-02-03,51125.0,7876.0,벤더 없는 거래 유형,0.6605521,23,저위험,다중 피처 복합 패턴 — 원본 전표 검토 권고,"전표 전체 라인 및 관련 문서(PO, 청구서) 종합 검토 필요"
1400000037,4,C001,2022,1,3,2022-03-22,165065.48,41266.37,벤더 없는 거래 유형,0.65448576,23,저위험,다중 피처 복합 패턴 — 원본 전표 검토 권고,"전표 전체 라인 및 관련 문서(PO, 청구서) 종합 검토 필요"
90001201,5,C003,2022,2,9,2022-04-24,1946.3,909.45,벤더 없는 거래 유형,0.64185065,23,저위험,다중 피처 복합 패턴 — 원본 전표 검토 권고,"전표 전체 라인 및 관련 문서(PO, 청구서) 종합 검토 필요"
90000587,2,C003,2022,7,9,2022-03-28,6000.0,3000.0,벤더 없는 거래 유형,0.509677,23,저위험,"금액이 1,000 단위 정수 (비정상 반올림 의심)",실제 청구서/계약서 금액과 대조 필요
100000041,2,C003,2022,17,0,2022-03-28,14412.0,7206.0,벤더 없는 거래 유형,0.4143232,23,저위험,동일 문서유형 내 금액이 평균 대비 유의미한 이상 (z=3.4),유사 거래 대비 금액 적정성 검토 필요
100000034,2,C003,2022,17,0,2022-03-28,14376.0,7188.0,벤더 없는 거래 유형,0.4128019,23,저위험,동일 문서유형 내 금액이 평균 대비 유의미한 이상 (z=3.4),유사 거래 대비 금액 적정성 검토 필요
4900000438,2,C001,2022,21,13,2022-03-17,5000.0,2500.0,벤더 없는 거래 유형,0.3597047,23,저위험,문서일자가 전기일보다 31일 앞선 역전 발생,회계 기간 소급 전기 여부 확인 필요 (backdating 의심)
5105600132,2,C001,2022,17,8,2022-03-14,300.0,150.0,벤더 없는 거래 유형,0.6256399,22,저위험,다중 피처 복합 패턴 — 원본 전표 검토 권고,"전표 전체 라인 및 관련 문서(PO, 청구서) 종합 검토 필요"
90000132,11,C003,2022,17,9,2022-03-22,3799.7700000000004,723.33,벤더 없는 거래 유형,0.62311536,22,저위험,다중 피처 복합 패턴 — 원본 전표 검토 권고,"전표 전체 라인 및 관련 문서(PO, 청구서) 종합 검토 필요"
90000010,7,C002,2022,3,9,2022-02-03,34560.0,6912.0,벤더 없는 거래 유형,0.620426,22,저위험,다중 피처 복합 패턴 — 원본 전표 검토 권고,"전표 전체 라인 및 관련 문서(PO, 청구서) 종합 검토 필요"
90000011,7,C002,2022,3,9,2022-02-03,34560.0,6912.0,벤더 없는 거래 유형,0.620426,22,저위험,다중 피처 복합 패턴 — 원본 전표 검토 권고,"전표 전체 라인 및 관련 문서(PO, 청구서) 종합 검토 필요"
1400000033,4,C001,2022,1,3,2022-03-16,79685.76,19921.44,벤더 없는 거래 유형,0.6152174,22,저위험,다중 피처 복합 패턴 — 원본 전표 검토 권고,"전표 전체 라인 및 관련 문서(PO, 청구서) 종합 검토 필요"
90000134,11,C003,2022,17,9,2022-03-22,5932.0,1128.0,벤더 없는 거래 유형,0.6141934,22,저위험,다중 피처 복합 패턴 — 원본 전표 검토 권고,"전표 전체 라인 및 관련 문서(PO, 청구서) 종합 검토 필요"
1400000032,4,C001,2022,1,3,2022-03-16,76560.0,19140.0,벤더 없는 거래 유형,0.60958004,22,저위험,다중 피처 복합 패턴 — 원본 전표 검토 권고,"전표 전체 라인 및 관련 문서(PO, 청구서) 종합 검토 필요"
5000000766,2,USA1,2022,13,12,2022-02-06,20.0,10.0,벤더 거래,0.49090147,22,저위험,해당 사용자의 평소 전기 패턴에서 3.7σ 이탈,해당 사용자의 접근 권한 및 해당 시간대 업무 필요성 확인 필요
4900000058,6,C001,2022,3,13,2022-01-24,24000.0,5000.0,벤더 없는 거래 유형,0.4878459,22,저위험,"금액이 1,000 단위 정수 (비정상 반올림 의심)",실제 청구서/계약서 금액과 대조 필요
90000723,2,C001,2022,17,9,2022-03-23,18000.0,9000.0,벤더 없는 거래 유형,0.4684047,22,저위험,"금액이 1,000 단위 정수 (비정상 반올림 의심)",실제 청구서/계약서 금액과 대조 필요
5105600134,4,C001,2022,2,8,2022-03-18,1100.0,400.0,벤더 없는 거래 유형,0.5978136,21,저위험,다중 피처 복합 패턴 — 원본 전표 검토 권고,"전표 전체 라인 및 관련 문서(PO, 청구서) 종합 검토 필요"
4900000135,3,USA1,2022,19,11,2022-03-31,34382895023.93,13543024472.93,벤더 없는 거래 유형,0.59495497,21,저위험,다중 피처 복합 패턴 — 원본 전표 검토 권고,"전표 전체 라인 및 관련 문서(PO, 청구서) 종합 검토 필요"
90000518,8,C005,2022,2,9,2022-03-27,63.75,12.63,벤더 없는 거래 유형,0.58468086,21,저위험,다중 피처 복합 패턴 — 원본 전표 검토 권고,"전표 전체 라인 및 관련 문서(PO, 청구서) 종합 검토 필요"
90000524,8,C005,2022,2,9,2022-03-27,90.3,17.89,벤더 없는 거래 유형,0.58322734,21,저위험,다중 피처 복합 패턴 — 원본 전표 검토 권고,"전표 전체 라인 및 관련 문서(PO, 청구서) 종합 검토 필요"
90000516,8,C005,2022,2,9,2022-03-27,91.72,18.17,벤더 없는 거래 유형,0.583127,21,저위험,다중 피처 복합 패턴 — 원본 전표 검토 권고,"전표 전체 라인 및 관련 문서(PO, 청구서) 종합 검토 필요"
90000911,4,C003,2022,7,9,2022-03-29,30000.0,9000.0,벤더 없는 거래 유형,0.46553,21,저위험,"금액이 1,000 단위 정수 (비정상 반올림 의심)",실제 청구서/계약서 금액과 대조 필요
4900000047,2,USA1,2022,11,11,2022-02-28,2000.0,1000.0,벤더 없는 거래 유형,0.44741726,21,저위험,"금액이 1,000 단위 정수 (비정상 반올림 의심)",실제 청구서/계약서 금액과 대조 필요
5000000010,1,USA1,2022,8,12,2022-02-02,320.0,320.0,벤더 거래,0.4462676,21,저위험,해당 사용자의 평소 전기 패턴에서 3.5σ 이탈,해당 사용자의 접근 권한 및 해당 시간대 업무 필요성 확인 필요
90001029,4,C003,2022,7,9,2022-03-29,20000.0,6000.0,벤더 없는 거래 유형,0.44246358,21,저위험,"금액이 1,000 단위 정수 (비정상 반올림 의심)",실제 청구서/계약서 금액과 대조 필요
5000018017,2,USA1,2018,19,12,2018-07-29,3489436.64,1744718.32,벤더 거래,0.40393597,21,저위험,"현지통화와 문서통화 금액 차이 발생 (차이: 111,365)",환율 적용 기준 및 환차손익 처리 적정성 확인 필요
5000018015,1,USA1,2018,19,12,2018-06-04,2030676.15,2030676.15,벤더 거래,0.40199742,21,저위험,"현지통화와 문서통화 금액 차이 발생 (차이: 129,618)",환율 적용 기준 및 환차손익 처리 적정성 확인 필요
5000017976,1,USA1,2018,19,12,2018-07-21,1201290.73,1201290.73,벤더 거래,0.40185636,21,저위험,"현지통화와 문서통화 금액 차이 발생 (차이: 76,678)",환율 적용 기준 및 환차손익 처리 적정성 확인 필요
5000018004,1,USA1,2018,19,12,2018-06-19,1831440.99,1831440.99,벤더 거래,0.40170947,21,저위험,"현지통화와 문서통화 금액 차이 발생 (차이: 116,900)",환율 적용 기준 및 환차손익 처리 적정성 확인 필요
5000018005,1,USA1,2018,19,12,2018-06-18,1782627.36,1782627.36,벤더 거래,0.40164244,21,저위험,"현지통화와 문서통화 금액 차이 발생 (차이: 113,785)",환율 적용 기준 및 환차손익 처리 적정성 확인 필요
5000017960,1,USA1,2018,19,12,2018-06-08,1722414.9,1722414.9,벤더 거래,0.40156168,21,저위험,"현지통화와 문서통화 금액 차이 발생 (차이: 109,941)",환율 적용 기준 및 환차손익 처리 적정성 확인 필요
5000018011,1,USA1,2018,19,12,2018-06-20,1672464.37,1672464.37,벤더 거래,0.4014966,21,저위험,"현지통화와 문서통화 금액 차이 발생 (차이: 106,753)",환율 적용 기준 및 환차손익 처리 적정성 확인 필요
5000018012,1,USA1,2018,19,12,2018-06-18,1621996.71,1621996.71,벤더 거래,0.4014326,21,저위험,"현지통화와 문서통화 금액 차이 발생 (차이: 103,532)",환율 적용 기준 및 환차손익 처리 적정성 확인 필요
5000018003,1,USA1,2018,19,12,2018-06-13,1527692.44,1527692.44,벤더 거래,0.40070122,21,저위험,"현지통화와 문서통화 금액 차이 발생 (차이: 97,512)",환율 적용 기준 및 환차손익 처리 적정성 확인 필요
5000018010,1,USA1,2018,19,12,2018-06-05,1444287.78,1444287.78,벤더 거래,0.3997913,21,저위험,"현지통화와 문서통화 금액 차이 발생 (차이: 92,189)",환율 적용 기준 및 환차손익 처리 적정성 확인 필요
5000018016,1,USA1,2018,19,12,2018-07-19,1976050.52,1976050.52,벤더 거래,0.39936575,21,저위험,"현지통화와 문서통화 금액 차이 발생 (차이: 126,131)",환율 적용 기준 및 환차손익 처리 적정성 확인 필요
5000018019,1,USA1,2018,19,12,2018-07-02,1938533.07,1938533.07,벤더 거래,0.39899462,21,저위험,"현지통화와 문서통화 금액 차이 발생 (차이: 123,736)",환율 적용 기준 및 환차손익 처리 적정성 확인 필요
5000018009,1,USA1,2018,19,12,2018-07-30,1842328.65,1842328.65,벤더 거래,0.39803797,21,저위험,"현지통화와 문서통화 금액 차이 발생 (차이: 117,595)",환율 적용 기준 및 환차손익 처리 적정성 확인 필요
5000017959,1,USA1,2018,19,12,2018-07-04,1799913.9,1799913.9,벤더 거래,0.39761388,21,저위험,"현지통화와 문서통화 금액 차이 발생 (차이: 114,888)",환율 적용 기준 및 환차손익 처리 적정성 확인 필요
5000018013,1,USA1,2018,19,12,2018-06-20,1230884.8,1230884.8,벤더 거래,0.39739144,21,저위험,"현지통화와 문서통화 금액 차이 발생 (차이: 78,567)",환율 적용 기준 및 환차손익 처리 적정성 확인 필요
5000017977,1,USA1,2018,19,12,2018-06-05,1049384.57,1049384.57,벤더 거래,0.39525193,21,저위험,"현지통화와 문서통화 금액 차이 발생 (차이: 66,982)",환율 적용 기준 및 환차손익 처리 적정성 확인 필요
5000018006,1,USA1,2018,19,12,2018-07-26,1527087.62,1527087.62,벤더 거래,0.39496252,21,저위험,"현지통화와 문서통화 금액 차이 발생 (차이: 97,474)",환율 적용 기준 및 환차손익 처리 적정성 확인 필요
5000018018,1,USA1,2018,19,12,2018-07-10,1307006.78,1307006.78,벤더 거래,0.3925837,21,저위험,"현지통화와 문서통화 금액 차이 발생 (차이: 83,426)",환율 적용 기준 및 환차손익 처리 적정성 확인 필요
5000017955,1,USA1,2018,19,12,2018-06-04,767806.91,767806.91,벤더 거래,0.39169332,21,저위험,"현지통화와 문서통화 금액 차이 발생 (차이: 49,009)",환율 적용 기준 및 환차손익 처리 적정성 확인 필요
5000018007,1,USA1,2018,19,12,2018-07-20,1213187.74,1213187.74,벤더 거래,0.39150253,21,저위험,"현지통화와 문서통화 금액 차이 발생 (차이: 77,438)",환율 적용 기준 및 환차손익 처리 적정성 확인 필요
5000018014,1,USA1,2018,19,12,2018-07-20,1200176.75,1200176.75,벤더 거래,0.39135107,21,저위험,"현지통화와 문서통화 금액 차이 발생 (차이: 76,607)",환율 적용 기준 및 환차손익 처리 적정성 확인 필요
5000017974,1,USA1,2018,19,12,2018-06-25,723143.28,723143.28,벤더 거래,0.39109543,21,저위험,"현지통화와 문서통화 금액 차이 발생 (차이: 46,158)",환율 적용 기준 및 환차손익 처리 적정성 확인 필요
5000018002,1,USA1,2018,19,12,2018-07-03,1161775.5,1161775.5,벤더 거래,0.39090198,21,저위험,"현지통화와 문서통화 금액 차이 발생 (차이: 74,156)",환율 적용 기준 및 환차손익 처리 적정성 확인 필요
5000018008,1,USA1,2018,19,12,2018-07-12,1086381.89,1086381.89,벤더 거래,0.39001048,21,저위험,"현지통화와 문서통화 금액 차이 발생 (차이: 69,344)",환율 적용 기준 및 환차손익 처리 적정성 확인 필요
5000017953,1,USA1,2018,19,12,2018-06-11,638394.48,638394.48,벤더 거래,0.38993102,21,저위험,"현지통화와 문서통화 금액 차이 발생 (차이: 40,749)",환율 적용 기준 및 환차손익 처리 적정성 확인 필요
5000017954,1,USA1,2018,19,12,2018-07-05,1023861.78,1023861.78,벤더 거래,0.38935944,21,저위험,"현지통화와 문서통화 금액 차이 발생 (차이: 65,353)",환율 적용 기준 및 환차손익 처리 적정성 확인 필요
5000017975,1,USA1,2018,19,12,2018-06-13,579843.02,579843.02,벤더 거래,0.3891017,21,저위험,"현지통화와 문서통화 금액 차이 발생 (차이: 37,011)",환율 적용 기준 및 환차손익 처리 적정성 확인 필요
100000013,8,C003,2022,17,0,2022-03-28,26859.0,6517.5,벤더 없는 거래 유형,0.3880586,21,저위험,동일 문서유형 내 금액이 평균 대비 유의미한 이상 (z=3.0),유사 거래 대비 금액 적정성 검토 필요
5000017949,1,USA1,2018,19,12,2018-07-27,691923.08,691923.08,벤더 거래,0.38613334,21,저위험,"현지통화와 문서통화 금액 차이 발생 (차이: 44,165)",환율 적용 기준 및 환차손익 처리 적정성 확인 필요
100000066,2,C003,2022,17,0,2022-03-28,13224.0,6612.0,벤더 없는 거래 유형,0.36688244,21,저위험,동일 문서유형 내 금액이 평균 대비 유의미한 이상 (z=3.1),유사 거래 대비 금액 적정성 검토 필요
90000029,7,C004,2022,17,9,2022-01-31,44625.0,8925.0,벤더 없는 거래 유형,0.5794658,20,저위험,다중 피처 복합 패턴 — 원본 전표 검토 권고,"전표 전체 라인 및 관련 문서(PO, 청구서) 종합 검토 필요"
90000522,8,C005,2022,2,9,2022-03-27,199.03,39.43,벤더 없는 거래 유형,0.5794562,20,저위험,다중 피처 복합 패턴 — 원본 전표 검토 권고,"전표 전체 라인 및 관련 문서(PO, 청구서) 종합 검토 필요"
90000520,8,C005,2022,2,9,2022-03-27,203.92,40.4,벤더 없는 거래 유형,0.57935053,20,저위험,다중 피처 복합 패턴 — 원본 전표 검토 권고,"전표 전체 라인 및 관련 문서(PO, 청구서) 종합 검토 필요"
90000526,10,C005,2022,2,9,2022-03-27,12524.4,6156.0,벤더 없는 거래 유형,0.5791451,20,저위험,다중 피처 복합 패턴 — 원본 전표 검토 권고,"전표 전체 라인 및 관련 문서(PO, 청구서) 종합 검토 필요"
90000528,8,C005,2022,2,9,2022-03-27,273.68,54.22,벤더 없는 거래 유형,0.57787,20,저위험,다중 피처 복합 패턴 — 원본 전표 검토 권고,"전표 전체 라인 및 관련 문서(PO, 청구서) 종합 검토 필요"
90000590,11,C001,2022,17,9,2022-04-10,24444.0,4725.6,벤더 없는 거래 유형,0.5753076,20,저위험,다중 피처 복합 패턴 — 원본 전표 검토 권고,"전표 전체 라인 및 관련 문서(PO, 청구서) 종합 검토 필요"
4900000105,2,USA1,2022,19,11,2022-03-31,21584790223.22,10792395111.61,벤더 없는 거래 유형,0.5751702,20,저위험,다중 피처 복합 패턴 — 원본 전표 검토 권고,"전표 전체 라인 및 관련 문서(PO, 청구서) 종합 검토 필요"
4900000029,7,EU01,2022,4,11,2022-03-30,26902140200.0,13450630050.0,벤더 없는 거래 유형,0.5583861,20,저위험,다중 피처 복합 패턴 — 원본 전표 검토 권고,"전표 전체 라인 및 관련 문서(PO, 청구서) 종합 검토 필요"
1400000002,10,C003,2022,1,3,2022-01-27,84317.6,19755.0,벤더 없는 거래 유형,0.5558719,20,저위험,다중 피처 복합 패턴 — 원본 전표 검토 권고,"전표 전체 라인 및 관련 문서(PO, 청구서) 종합 검토 필요"
1400000001,12,C003,2022,1,3,2022-01-27,120991.4,20170.5,벤더 없는 거래 유형,0.5557257,20,저위험,다중 피처 복합 패턴 — 원본 전표 검토 권고,"전표 전체 라인 및 관련 문서(PO, 청구서) 종합 검토 필요"
5105600140,4,C001,2022,2,8,2022-04-12,2200.0,800.0,벤더 없는 거래 유형,0.5546795,20,저위험,다중 피처 복합 패턴 — 원본 전표 검토 권고,"전표 전체 라인 및 관련 문서(PO, 청구서) 종합 검토 필요"
4900000089,2,EU01,2022,4,11,2022-04-02,143392500.0,74295000.0,벤더 없는 거래 유형,0.43935803,20,저위험,"금액이 1,000 단위 정수 (비정상 반올림 의심)",실제 청구서/계약서 금액과 대조 필요
5000000009,1,USA1,2022,8,12,2022-02-02,480.0,480.0,벤더 거래,0.4380802,20,저위험,해당 사용자의 평소 전기 패턴에서 3.5σ 이탈,해당 사용자의 접근 권한 및 해당 시간대 업무 필요성 확인 필요
4900000154,3,USA1,2022,4,11,2022-04-02,130027000.0,90695000.0,벤더 없는 거래 유형,0.43474877,20,저위험,"금액이 1,000 단위 정수 (비정상 반올림 의심)",실제 청구서/계약서 금액과 대조 필요
4900000087,7,EU01,2022,4,11,2022-04-02,243750000.0,43125000.0,벤더 없는 거래 유형,0.43362808,20,저위험,"금액이 1,000 단위 정수 (비정상 반올림 의심)",실제 청구서/계약서 금액과 대조 필요
4900000167,2,USA1,2022,4,11,2022-04-03,19600.0,9800.0,벤더 없는 거래 유형,0.4330748,20,저위험,해당 사용자의 평소 전기 패턴에서 3.3σ 이탈,해당 사용자의 접근 권한 및 해당 시간대 업무 필요성 확인 필요
90000051,2,USA1,2022,19,9,2022-02-23,52.91,51.41,벤더 없는 거래 유형,0.4303802,20,저위험,해당 사용자의 평소 전기 패턴에서 3.2σ 이탈,해당 사용자의 접근 권한 및 해당 시간대 업무 필요성 확인 필요
4900000166,2,USA1,2022,4,11,2022-04-03,2437960.0,1218980.0,벤더 없는 거래 유형,0.42941406,20,저위험,해당 사용자의 평소 전기 패턴에서 3.3σ 이탈,해당 사용자의 접근 권한 및 해당 시간대 업무 필요성 확인 필요
5000000012,1,USA1,2022,8,12,2022-02-02,800.0,800.0,벤더 거래,0.4286584,20,저위험,해당 사용자의 평소 전기 패턴에서 3.5σ 이탈,해당 사용자의 접근 권한 및 해당 시간대 업무 필요성 확인 필요
90000389,2,C001,2022,17,9,2022-03-15,18000.0,9000.0,벤더 없는 거래 유형,0.4280928,20,저위험,"금액이 1,000 단위 정수 (비정상 반올림 의심)",실제 청구서/계약서 금액과 대조 필요
4900000072,1,USA1,2020,4,11,2020-03-07,5000.0,5000.0,벤더 없는 거래 유형,0.4212263,20,저위험,"금액이 1,000 단위 정수 (비정상 반올림 의심)",실제 청구서/계약서 금액과 대조 필요
90000052,4,USA1,2022,19,9,2022-02-23,42.32,20.56,벤더 없는 거래 유형,0.41682348,20,저위험,해당 사용자의 평소 전기 패턴에서 3.2σ 이탈,해당 사용자의 접근 권한 및 해당 시간대 업무 필요성 확인 필요
4900000644,2,C001,2022,2,11,2022-03-20,2000.0,1000.0,벤더 없는 거래 유형,0.41295904,20,저위험,"금액이 1,000 단위 정수 (비정상 반올림 의심)",실제 청구서/계약서 금액과 대조 필요
4900000007,1,USA1,2022,11,11,2022-01-18,100000.0,100000.0,벤더 없는 거래 유형,0.41295183,20,저위험,"금액이 1,000 단위 정수 (비정상 반올림 의심)",실제 청구서/계약서 금액과 대조 필요
5100017926,1,USA1,2018,13,8,2018-12-30,67916631.22,67916631.22,벤더 거래,0.37764263,20,저위험,"현지통화와 문서통화 금액 차이 발생 (차이: 6,895,399)",환율 적용 기준 및 환차손익 처리 적정성 확인 필요
5100025921,1,USA1,2021,13,8,2021-03-06,75788307.93,75788307.93,벤더 거래,0.36938566,20,저위험,"현지통화와 문서통화 금액 차이 발생 (차이: 7,703,766)",환율 적용 기준 및 환차손익 처리 적정성 확인 필요
5100029509,1,USA1,2021,13,8,2021-12-26,65265945.85,65265945.85,벤더 없는 거래 유형,0.3576709,20,저위험,"현지통화와 문서통화 금액 차이 발생 (차이: 6,634,184)",환율 적용 기준 및 환차손익 처리 적정성 확인 필요
1400000004,14,C003,2022,1,3,2022-01-27,183622.92,26468.0,벤더 없는 거래 유형,0.5499573,19,저위험,다중 피처 복합 패턴 — 원본 전표 검토 권고,"전표 전체 라인 및 관련 문서(PO, 청구서) 종합 검토 필요"
5105600142,2,C001,2022,2,8,2022-04-12,720.0,360.0,벤더 없는 거래 유형,0.5495337,19,저위험,다중 피처 복합 패턴 — 원본 전표 검토 권고,"전표 전체 라인 및 관련 문서(PO, 청구서) 종합 검토 필요"
90001255,8,C001,2022,2,9,2022-03-31,1652.58,260.0,벤더 없는 거래 유형,0.54730064,19,저위험,다중 피처 복합 패턴 — 원본 전표 검토 권고,"전표 전체 라인 및 관련 문서(PO, 청구서) 종합 검토 필요"
5000000003,4,EU01,2022,13,12,2022-01-31,460.0,180.0,벤더 거래,0.54728895,19,저위험,다중 피처 복합 패턴 — 원본 전표 검토 권고,"전표 전체 라인 및 관련 문서(PO, 청구서) 종합 검토 필요"
5105600141,2,C001,2022,2,8,2022-04-12,1200.0,600.0,벤더 없는 거래 유형,0.54517984,19,저위험,다중 피처 복합 패턴 — 원본 전표 검토 권고,"전표 전체 라인 및 관련 문서(PO, 청구서) 종합 검토 필요"
4900000045,2,USA1,2022,20,13,2022-02-09,110.0,100.0,벤더 거래,0.54430926,19,저위험,다중 피처 복합 패턴 — 원본 전표 검토 권고,"전표 전체 라인 및 관련 문서(PO, 청구서) 종합 검토 필요"
1400000040,6,C001,2022,1,3,2022-03-23,2213.56,553.39,벤더 없는 거래 유형,0.5424912,19,저위험,다중 피처 복합 패턴 — 원본 전표 검토 권고,"전표 전체 라인 및 관련 문서(PO, 청구서) 종합 검토 필요"
90000517,8,C005,2022,2,9,2022-03-27,63.75,12.63,벤더 없는 거래 유형,0.53854614,19,저위험,다중 피처 복합 패턴 — 원본 전표 검토 권고,"전표 전체 라인 및 관련 문서(PO, 청구서) 종합 검토 필요"
90000523,8,C005,2022,2,9,2022-03-27,90.3,17.89,벤더 없는 거래 유형,0.5369612,19,저위험,다중 피처 복합 패턴 — 원본 전표 검토 권고,"전표 전체 라인 및 관련 문서(PO, 청구서) 종합 검토 필요"
90000515,8,C005,2022,2,9,2022-03-27,18387.12,9165.0,벤더 없는 거래 유형,0.53684646,19,저위험,다중 피처 복합 패턴 — 원본 전표 검토 권고,"전표 전체 라인 및 관련 문서(PO, 청구서) 종합 검토 필요"
5100000004,2,USA1,2022,6,8,2022-01-27,400.0,200.0,벤더 거래,0.53502816,19,저위험,다중 피처 복합 패턴 — 원본 전표 검토 권고,"전표 전체 라인 및 관련 문서(PO, 청구서) 종합 검토 필요"
90001269,10,C001,2022,2,9,2022-04-12,3276.48,760.32,벤더 없는 거래 유형,0.53410274,19,저위험,다중 피처 복합 패턴 — 원본 전표 검토 권고,"전표 전체 라인 및 관련 문서(PO, 청구서) 종합 검토 필요"
90001268,10,C001,2022,2,9,2022-04-12,5855.360000000001,1362.24,벤더 없는 거래 유형,0.53403807,19,저위험,다중 피처 복합 패턴 — 원본 전표 검토 권고,"전표 전체 라인 및 관련 문서(PO, 청구서) 종합 검토 필요"
90000521,8,C005,2022,2,9,2022-03-27,14043.93,6960.0,벤더 없는 거래 유형,0.53256106,19,저위험,다중 피처 복합 패턴 — 원본 전표 검토 권고,"전표 전체 라인 및 관련 문서(PO, 청구서) 종합 검토 필요"
90000519,8,C005,2022,2,9,2022-03-27,14730.96,7302.0,벤더 없는 거래 유형,0.53243446,19,저위험,다중 피처 복합 패턴 — 원본 전표 검토 권고,"전표 전체 라인 및 관련 문서(PO, 청구서) 종합 검토 필요"
90000525,6,C005,2022,2,9,2022-03-27,132.24,42.08,벤더 없는 거래 유형,0.5321882,19,저위험,다중 피처 복합 패턴 — 원본 전표 검토 권고,"전표 전체 라인 및 관련 문서(PO, 청구서) 종합 검토 필요"
4900000024,2,USA1,2022,11,13,2022-01-25,200.0,100.0,벤더 거래,0.53149366,19,저위험,다중 피처 복합 패턴 — 원본 전표 검토 권고,"전표 전체 라인 및 관련 문서(PO, 청구서) 종합 검토 필요"
90000527,8,C005,2022,2,9,2022-03-27,19145.4,9487.5,벤더 없는 거래 유형,0.5306382,19,저위험,다중 피처 복합 패턴 — 원본 전표 검토 권고,"전표 전체 라인 및 관련 문서(PO, 청구서) 종합 검토 필요"
90001477,10,C005,2022,2,9,2022-04-05,109.0,26.28,벤더 없는 거래 유형,0.5302472,19,저위험,다중 피처 복합 패턴 — 원본 전표 검토 권고,"전표 전체 라인 및 관련 문서(PO, 청구서) 종합 검토 필요"
90001476,10,C005,2022,2,9,2022-04-05,157.24,37.94,벤더 없는 거래 유형,0.52779424,19,저위험,다중 피처 복합 패턴 — 원본 전표 검토 권고,"전표 전체 라인 및 관련 문서(PO, 청구서) 종합 검토 필요"
90000347,8,C001,2022,21,9,2022-03-15,2845.0,447.5,벤더 없는 거래 유형,0.52457,19,저위험,다중 피처 복합 패턴 — 원본 전표 검토 권고,"전표 전체 라인 및 관련 문서(PO, 청구서) 종합 검토 필요"
90000350,8,C001,2022,21,9,2022-03-15,2845.0,447.5,벤더 없는 거래 유형,0.52457,19,저위험,다중 피처 복합 패턴 — 원본 전표 검토 권고,"전표 전체 라인 및 관련 문서(PO, 청구서) 종합 검토 필요"
90000355,8,C001,2022,21,9,2022-03-15,2845.0,447.5,벤더 없는 거래 유형,0.52457,19,저위험,다중 피처 복합 패턴 — 원본 전표 검토 권고,"전표 전체 라인 및 관련 문서(PO, 청구서) 종합 검토 필요"
90001210,11,C004,2022,7,9,2022-03-29,24937.27,5187.07,벤더 없는 거래 유형,0.5205939,19,저위험,"금액이 1,000 단위 정수 (비정상 반올림 의심)",실제 청구서/계약서 금액과 대조 필요
4900000000,60,USA1,2022,11,11,2022-01-17,3000037.4,224400.0,벤더 없는 거래 유형,0.47969818,19,저위험,"금액이 1,000 단위 정수 (비정상 반올림 의심)",실제 청구서/계약서 금액과 대조 필요
4900000213,4,C001,2022,17,11,2022-02-01,880000.0,220000.0,벤더 없는 거래 유형,0.4027311,19,저위험,"금액이 1,000 단위 정수 (비정상 반올림 의심)",실제 청구서/계약서 금액과 대조 필요
4900000035,1,USA1,2022,11,11,2022-02-06,1000.0,1000.0,벤더 없는 거래 유형,0.40245208,19,저위험,"금액이 1,000 단위 정수 (비정상 반올림 의심)",실제 청구서/계약서 금액과 대조 필요
90000022,4,C003,2022,17,9,2022-01-25,2038.0,1000.0,벤더 없는 거래 유형,0.40242103,19,저위험,"금액이 1,000 단위 정수 (비정상 반올림 의심)",실제 청구서/계약서 금액과 대조 필요
4900000030,3,USA1,2022,11,11,2022-01-25,514920.0,252460.0,벤더 없는 거래 유형,0.40037423,19,저위험,"금액이 1,000 단위 정수 (비정상 반올림 의심)",실제 청구서/계약서 금액과 대조 필요
5000000764,2,USA1,2022,13,12,2022-02-16,200.0,100.0,벤더 거래,0.39527115,19,저위험,해당 사용자의 평소 전기 패턴에서 4.4σ 이탈,해당 사용자의 접근 권한 및 해당 시간대 업무 필요성 확인 필요
4900000659,2,C001,2022,21,11,2022-03-20,2000.0,1000.0,벤더 없는 거래 유형,0.3892234,19,저위험,"금액이 1,000 단위 정수 (비정상 반올림 의심)",실제 청구서/계약서 금액과 대조 필요
4900000217,2,C001,2022,17,11,2022-02-01,440000.0,220000.0,벤더 없는 거래 유형,0.38655552,19,저위험,"금액이 1,000 단위 정수 (비정상 반올림 의심)",실제 청구서/계약서 금액과 대조 필요
4900000640,4,C001,2022,2,11,2022-03-20,4000.0,1000.0,벤더 없는 거래 유형,0.3826265,19,저위험,"금액이 1,000 단위 정수 (비정상 반올림 의심)",실제 청구서/계약서 금액과 대조 필요
1400000005,10,C003,2022,1,3,2022-02-16,4577.4,1095.0,벤더 없는 거래 유형,0.5210419,18,저위험,다중 피처 복합 패턴 — 원본 전표 검토 권고,"전표 전체 라인 및 관련 문서(PO, 청구서) 종합 검토 필요"
4900000108,3,USA1,2022,19,11,2022-03-31,24209313536.93,8770377972.52,벤더 없는 거래 유형,0.5167312,18,저위험,다중 피처 복합 패턴 — 원본 전표 검토 권고,"전표 전체 라인 및 관련 문서(PO, 청구서) 종합 검토 필요"
5105600131,4,C001,2022,17,8,2022-02-23,2200.0,800.0,벤더 없는 거래 유형,0.51630974,18,저위험,다중 피처 복합 패턴 — 원본 전표 검토 권고,"전표 전체 라인 및 관련 문서(PO, 청구서) 종합 검토 필요"
1400000006,8,C005,2022,1,3,2022-03-22,30773.28,13500.0,벤더 없는 거래 유형,0.509753,18,저위험,다중 피처 복합 패턴 — 원본 전표 검토 권고,"전표 전체 라인 및 관련 문서(PO, 청구서) 종합 검토 필요"
90001204,5,C003,2022,2,9,2022-04-25,1946.3000000000002,909.45,벤더 없는 거래 유형,0.5093515,18,저위험,다중 피처 복합 패턴 — 원본 전표 검토 권고,"전표 전체 라인 및 관련 문서(PO, 청구서) 종합 검토 필요"
90001203,5,C003,2022,2,9,2022-04-25,1557.04,727.56,벤더 없는 거래 유형,0.5090292,18,저위험,다중 피처 복합 패턴 — 원본 전표 검토 권고,"전표 전체 라인 및 관련 문서(PO, 청구서) 종합 검토 필요"
90001205,5,C003,2022,2,9,2022-04-25,1462.96,682.44,벤더 없는 거래 유형,0.5089653,18,저위험,다중 피처 복합 패턴 — 원본 전표 검토 권고,"전표 전체 라인 및 관련 문서(PO, 청구서) 종합 검토 필요"
90001206,5,C003,2022,2,9,2022-04-25,1247.16,583.74,벤더 없는 거래 유형,0.508863,18,저위험,다중 피처 복합 패턴 — 원본 전표 검토 권고,"전표 전체 라인 및 관련 문서(PO, 청구서) 종합 검토 필요"
5100000001,2,USA1,2022,8,8,2022-01-19,108.0,100.0,벤더 없는 거래 유형,0.5021429,18,저위험,다중 피처 복합 패턴 — 원본 전표 검토 권고,"전표 전체 라인 및 관련 문서(PO, 청구서) 종합 검토 필요"
1400000009,12,C003,2022,1,3,2022-03-23,4787.66,723.33,벤더 없는 거래 유형,0.50067633,18,저위험,다중 피처 복합 패턴 — 원본 전표 검토 권고,"전표 전체 라인 및 관련 문서(PO, 청구서) 종합 검토 필요"
4900000023,2,USA1,2022,11,13,2022-01-31,400.0,200.0,벤더 없는 거래 유형,0.49771836,18,저위험,다중 피처 복합 패턴 — 원본 전표 검토 권고,"전표 전체 라인 및 관련 문서(PO, 청구서) 종합 검토 필요"
5000000006,4,EU01,2022,8,12,2022-02-06,500.0,200.0,벤더 거래,0.45560628,18,저위험,해당 사용자의 평소 전기 패턴에서 4.1σ 이탈,해당 사용자의 접근 권한 및 해당 시간대 업무 필요성 확인 필요
5100000039,1,USA1,2020,22,8,2020-02-15,75000.0,75000.0,벤더 거래,0.37995964,18,저위험,"금액이 1,000 단위 정수 (비정상 반올림 의심)",실제 청구서/계약서 금액과 대조 필요
4900000234,2,C001,2022,17,11,2022-02-01,2000000.0,1000000.0,벤더 없는 거래 유형,0.37561792,18,저위험,"금액이 1,000 단위 정수 (비정상 반올림 의심)",실제 청구서/계약서 금액과 대조 필요
4900000042,1,USA1,2022,11,11,2022-02-08,10000.0,10000.0,벤더 없는 거래 유형,0.3748152,18,저위험,"금액이 1,000 단위 정수 (비정상 반올림 의심)",실제 청구서/계약서 금액과 대조 필요
4900000040,1,USA1,2022,11,11,2022-02-07,10000.0,10000.0,벤더 없는 거래 유형,0.36720148,18,저위험,"금액이 1,000 단위 정수 (비정상 반올림 의심)",실제 청구서/계약서 금액과 대조 필요
4900000657,2,C001,2022,21,11,2022-03-20,2000.0,1000.0,벤더 없는 거래 유형,0.3657708,18,저위험,"금액이 1,000 단위 정수 (비정상 반올림 의심)",실제 청구서/계약서 금액과 대조 필요
5000000007,1,EU01,2022,8,12,2022-02-11,200.0,200.0,벤더 거래,0.36506617,18,저위험,해당 사용자의 평소 전기 패턴에서 4.1σ 이탈,해당 사용자의 접근 권한 및 해당 시간대 업무 필요성 확인 필요
1400000011,10,C003,2022,1,3,2022-03-29,50227.0,7458.0,벤더 없는 거래 유형,0.49293122,17,저위험,다중 피처 복합 패턴 — 원본 전표 검토 권고,"전표 전체 라인 및 관련 문서(PO, 청구서) 종합 검토 필요"
4900000034,27,C003,2022,17,11,2022-02-01,7228740.0,897600.0,벤더 없는 거래 유형,0.4869759,17,저위험,다중 피처 복합 패턴 — 원본 전표 검토 권고,"전표 전체 라인 및 관련 문서(PO, 청구서) 종합 검토 필요"
90001254,4,C001,2022,2,9,2022-03-31,612.5799999999999,260.0,벤더 없는 거래 유형,0.4849868,17,저위험,다중 피처 복합 패턴 — 원본 전표 검토 권고,"전표 전체 라인 및 관련 문서(PO, 청구서) 종합 검토 필요"
1400000010,10,C003,2022,1,3,2022-03-23,19661.2,3742.2,벤더 없는 거래 유형,0.483706,17,저위험,다중 피처 복합 패턴 — 원본 전표 검토 권고,"전표 전체 라인 및 관련 문서(PO, 청구서) 종합 검토 필요"
1400000039,4,C001,2022,1,3,2022-03-22,18691.2,4672.8,벤더 없는 거래 유형,0.48029497,17,저위험,다중 피처 복합 패턴 — 원본 전표 검토 권고,"전표 전체 라인 및 관련 문서(PO, 청구서) 종합 검토 필요"
4900000032,22,USA1,2022,11,13,2022-01-28,5110340.0,897600.0,벤더 거래,0.47956282,17,저위험,다중 피처 복합 패턴 — 원본 전표 검토 권고,"전표 전체 라인 및 관련 문서(PO, 청구서) 종합 검토 필요"
4900000033,22,USA1,2022,11,13,2022-01-28,4212920.0,448800.0,벤더 없는 거래 유형,0.47770303,17,저위험,다중 피처 복합 패턴 — 원본 전표 검토 권고,"전표 전체 라인 및 관련 문서(PO, 청구서) 종합 검토 필요"
5100000013,2,USA1,2022,22,8,2022-02-03,20.0,10.0,벤더 거래,0.47765797,17,저위험,다중 피처 복합 패턴 — 원본 전표 검토 권고,"전표 전체 라인 및 관련 문서(PO, 청구서) 종합 검토 필요"
90000558,5,C005,2022,2,9,2022-03-27,11196.810000000001,5598.0,벤더 없는 거래 유형,0.4723076,17,저위험,다중 피처 복합 패턴 — 원본 전표 검토 권고,"전표 전체 라인 및 관련 문서(PO, 청구서) 종합 검토 필요"
90000032,6,C001,2022,17,9,2022-01-11,996.0,450.0,벤더 없는 거래 유형,0.47213706,17,저위험,다중 피처 복합 패턴 — 원본 전표 검토 권고,"전표 전체 라인 및 관련 문서(PO, 청구서) 종합 검토 필요"
90000540,3,C005,2022,2,9,2022-03-27,1.02,0.34,벤더 없는 거래 유형,0.47175643,17,저위험,다중 피처 복합 패턴 — 원본 전표 검토 권고,"전표 전체 라인 및 관련 문서(PO, 청구서) 종합 검토 필요"
90000534,3,C005,2022,2,9,2022-03-27,1.0499999999999998,0.35,벤더 없는 거래 유형,0.47168088,17,저위험,다중 피처 복합 패턴 — 원본 전표 검토 권고,"전표 전체 라인 및 관련 문서(PO, 청구서) 종합 검토 필요"
90000532,3,C005,2022,2,9,2022-03-27,2.07,0.69,벤더 없는 거래 유형,0.46949327,17,저위험,다중 피처 복합 패턴 — 원본 전표 검토 권고,"전표 전체 라인 및 관련 문서(PO, 청구서) 종합 검토 필요"
90000556,5,C005,2022,2,9,2022-03-27,7491.0599999999995,3744.0,벤더 없는 거래 유형,0.467887,17,저위험,다중 피처 복합 패턴 — 원본 전표 검토 권고,"전표 전체 라인 및 관련 문서(PO, 청구서) 종합 검토 필요"
1500000004,2,C001,2022,1,6,2022-02-17,4800.0,2400.0,벤더 거래,0.4674439,16,저위험,다중 피처 복합 패턴 — 원본 전표 검토 권고,"전표 전체 라인 및 관련 문서(PO, 청구서) 종합 검토 필요"
90000012,7,C002,2022,3,9,2022-02-03,34560.0,6912.0,벤더 없는 거래 유형,0.46715093,16,저위험,다중 피처 복합 패턴 — 원본 전표 검토 권고,"전표 전체 라인 및 관련 문서(PO, 청구서) 종합 검토 필요"
90000548,3,C005,2022,2,9,2022-03-27,3.93,1.31,벤더 없는 거래 유형,0.46675506,16,저위험,다중 피처 복합 패턴 — 원본 전표 검토 권고,"전표 전체 라인 및 관련 문서(PO, 청구서) 종합 검토 필요"
90000530,3,C005,2022,2,9,2022-03-27,4.17,1.39,벤더 없는 거래 유형,0.46647847,16,저위험,다중 피처 복합 패턴 — 원본 전표 검토 권고,"전표 전체 라인 및 관련 문서(PO, 청구서) 종합 검토 필요"
90000552,5,C005,2022,2,9,2022-03-27,13729.35,6862.5,벤더 없는 거래 유형,0.46627972,16,저위험,다중 피처 복합 패턴 — 원본 전표 검토 권고,"전표 전체 라인 및 관련 문서(PO, 청구서) 종합 검토 필요"
4900000025,4,USA1,2022,11,13,2022-01-25,6184.0,2992.0,벤더 거래,0.4661651,16,저위험,다중 피처 복합 패턴 — 원본 전표 검토 권고,"전표 전체 라인 및 관련 문서(PO, 청구서) 종합 검토 필요"
90000550,3,C005,2022,2,9,2022-03-27,4.800000000000001,1.6,벤더 없는 거래 유형,0.46581224,16,저위험,다중 피처 복합 패턴 — 원본 전표 검토 권고,"전표 전체 라인 및 관련 문서(PO, 청구서) 종합 검토 필요"
90000546,3,C005,2022,2,9,2022-03-27,4.83,1.61,벤더 없는 거래 유형,0.4657823,16,저위험,다중 피처 복합 패턴 — 원본 전표 검토 권고,"전표 전체 라인 및 관련 문서(PO, 청구서) 종합 검토 필요"
90000542,3,C005,2022,2,9,2022-03-27,5.58,1.86,벤더 없는 거래 유형,0.46508965,16,저위험,다중 피처 복합 패턴 — 원본 전표 검토 권고,"전표 전체 라인 및 관련 문서(PO, 청구서) 종합 검토 필요"
90000554,3,C005,2022,2,9,2022-03-27,6.0,2.0,벤더 없는 거래 유형,0.46473998,16,저위험,다중 피처 복합 패턴 — 원본 전표 검토 권고,"전표 전체 라인 및 관련 문서(PO, 청구서) 종합 검토 필요"
90001475,8,C005,2022,2,9,2022-04-05,65.8,30.36,벤더 없는 거래 유형,0.46455306,16,저위험,다중 피처 복합 패턴 — 원본 전표 검토 권고,"전표 전체 라인 및 관련 문서(PO, 청구서) 종합 검토 필요"
90000538,3,C005,2022,2,9,2022-03-27,7.14,2.38,벤더 없는 거래 유형,0.46390423,16,저위험,다중 피처 복합 패턴 — 원본 전표 검토 권고,"전표 전체 라인 및 관련 문서(PO, 청구서) 종합 검토 필요"
90000536,5,C005,2022,2,9,2022-03-27,19192.35,9592.5,벤더 없는 거래 유형,0.46376577,16,저위험,다중 피처 복합 패턴 — 원본 전표 검토 권고,"전표 전체 라인 및 관련 문서(PO, 청구서) 종합 검토 필요"
90001211,11,C001,2022,2,9,2022-03-28,26801.27,5187.07,벤더 없는 거래 유형,0.46359372,16,저위험,다중 피처 복합 패턴 — 원본 전표 검토 권고,"전표 전체 라인 및 관련 문서(PO, 청구서) 종합 검토 필요"
5000000004,3,USA1,2022,6,12,2022-01-27,560.0,200.0,벤더 거래,0.46032867,16,저위험,다중 피처 복합 패턴 — 원본 전표 검토 권고,"전표 전체 라인 및 관련 문서(PO, 청구서) 종합 검토 필요"
4900000039,2,USA1,2022,11,13,2022-02-07,110.0,100.0,벤더 거래,0.45689997,16,저위험,다중 피처 복합 패턴 — 원본 전표 검토 권고,"전표 전체 라인 및 관련 문서(PO, 청구서) 종합 검토 필요"
90001195,2,C003,2022,7,9,2022-03-29,18315.0,9157.5,벤더 없는 거래 유형,0.4566598,16,저위험,다중 피처 복합 패턴 — 원본 전표 검토 권고,"전표 전체 라인 및 관련 문서(PO, 청구서) 종합 검토 필요"
4900000018,1,USA1,2022,11,13,2022-01-24,200.0,200.0,벤더 없는 거래 유형,0.45285544,16,저위험,다중 피처 복합 패턴 — 원본 전표 검토 권고,"전표 전체 라인 및 관련 문서(PO, 청구서) 종합 검토 필요"
90000344,4,C001,2022,21,9,2022-03-15,1545.0,447.5,벤더 없는 거래 유형,0.44745472,16,저위험,다중 피처 복합 패턴 — 원본 전표 검토 권고,"전표 전체 라인 및 관련 문서(PO, 청구서) 종합 검토 필요"
1400000024,4,C001,2022,1,3,2022-02-12,90574.0,22643.5,벤더 없는 거래 유형,0.44739994,16,저위험,다중 피처 복합 패턴 — 원본 전표 검토 권고,"전표 전체 라인 및 관련 문서(PO, 청구서) 종합 검토 필요"
4900000031,1,USA1,2022,11,13,2022-01-28,10.0,10.0,벤더 거래,0.44619307,16,저위험,다중 피처 복합 패턴 — 원본 전표 검토 권고,"전표 전체 라인 및 관련 문서(PO, 청구서) 종합 검토 필요"
4900000100,3,EU01,2022,4,11,2022-04-02,3585658316.72,3537571445.64,벤더 없는 거래 유형,0.44026923,16,저위험,다중 피처 복합 패턴 — 원본 전표 검토 권고,"전표 전체 라인 및 관련 문서(PO, 청구서) 종합 검토 필요"
1400000022,4,C001,2022,1,3,2022-02-07,6732.0,1683.0,벤더 없는 거래 유형,0.44009683,16,저위험,다중 피처 복합 패턴 — 원본 전표 검토 권고,"전표 전체 라인 및 관련 문서(PO, 청구서) 종합 검토 필요"
4900000082,2,USA1,2020,11,13,2020-02-20,4.0,2.0,벤더 없는 거래 유형,0.43916422,16,저위험,다중 피처 복합 패턴 — 원본 전표 검토 권고,"전표 전체 라인 및 관련 문서(PO, 청구서) 종합 검토 필요"
5100000002,1,USA1,2022,8,8,2022-01-20,8.0,8.0,벤더 없는 거래 유형,0.43907192,15,저위험,다중 피처 복합 패턴 — 원본 전표 검토 권고,"전표 전체 라인 및 관련 문서(PO, 청구서) 종합 검토 필요"
90000036,4,C001,2022,17,9,2022-01-11,41.0,18.0,벤더 없는 거래 유형,0.43871158,15,저위험,다중 피처 복합 패턴 — 원본 전표 검토 권고,"전표 전체 라인 및 관련 문서(PO, 청구서) 종합 검토 필요"
4900000012,4,C001,2022,17,11,2022-01-09,4.0,1.0,벤더 없는 거래 유형,0.43804494,15,저위험,다중 피처 복합 패턴 — 원본 전표 검토 권고,"전표 전체 라인 및 관련 문서(PO, 청구서) 종합 검토 필요"
100000009,8,C002,2022,3,0,2022-02-07,13904.0,3456.0,벤더 없는 거래 유형,0.43725127,15,저위험,다중 피처 복합 패턴 — 원본 전표 검토 권고,"전표 전체 라인 및 관련 문서(PO, 청구서) 종합 검토 필요"
100000010,10,C002,2022,3,0,2022-02-07,15264.0,3456.0,벤더 없는 거래 유형,0.43725127,15,저위험,다중 피처 복합 패턴 — 원본 전표 검토 권고,"전표 전체 라인 및 관련 문서(PO, 청구서) 종합 검토 필요"
100000011,10,C002,2022,3,0,2022-02-07,15984.0,3456.0,벤더 없는 거래 유형,0.43725127,15,저위험,다중 피처 복합 패턴 — 원본 전표 검토 권고,"전표 전체 라인 및 관련 문서(PO, 청구서) 종합 검토 필요"
5105600159,2,C004,2022,2,8,2022-04-25,662.4000000000001,571.2,벤더 없는 거래 유형,0.43578053,15,저위험,다중 피처 복합 패턴 — 원본 전표 검토 권고,"전표 전체 라인 및 관련 문서(PO, 청구서) 종합 검토 필요"
90000290,8,C001,2022,2,9,2022-03-15,2845.0,447.5,벤더 없는 거래 유형,0.43459126,15,저위험,다중 피처 복합 패턴 — 원본 전표 검토 권고,"전표 전체 라인 및 관련 문서(PO, 청구서) 종합 검토 필요"
5105600160,2,C004,2022,2,8,2022-04-25,828.0,714.0,벤더 없는 거래 유형,0.43242118,15,저위험,다중 피처 복합 패턴 — 원본 전표 검토 권고,"전표 전체 라인 및 관련 문서(PO, 청구서) 종합 검토 필요"
4900000164,1,USA1,2022,4,11,2022-04-02,22600400.0,22600400.0,벤더 없는 거래 유형,0.43108875,15,저위험,다중 피처 복합 패턴 — 원본 전표 검토 권고,"전표 전체 라인 및 관련 문서(PO, 청구서) 종합 검토 필요"
90001252,2,C001,2022,2,9,2022-03-31,53.62,26.81,벤더 없는 거래 유형,0.42872515,15,저위험,다중 피처 복합 패턴 — 원본 전표 검토 권고,"전표 전체 라인 및 관련 문서(PO, 청구서) 종합 검토 필요"
90000557,5,C003,2022,7,9,2022-03-28,15915.81,7957.5,벤더 없는 거래 유형,0.4276258,15,저위험,다중 피처 복합 패턴 — 원본 전표 검토 권고,"전표 전체 라인 및 관련 문서(PO, 청구서) 종합 검토 필요"
90000078,7,C001,2022,17,9,2022-02-21,24612.5,4922.5,벤더 없는 거래 유형,0.42757234,15,저위험,다중 피처 복합 패턴 — 원본 전표 검토 권고,"전표 전체 라인 및 관련 문서(PO, 청구서) 종합 검토 필요"
90000539,3,C005,2022,2,9,2022-03-27,1.02,0.34,벤더 없는 거래 유형,0.42591694,15,저위험,다중 피처 복합 패턴 — 원본 전표 검토 권고,"전표 전체 라인 및 관련 문서(PO, 청구서) 종합 검토 필요"
90000533,3,C005,2022,2,9,2022-03-27,1.0499999999999998,0.35,벤더 없는 거래 유형,0.4258341,15,저위험,다중 피처 복합 패턴 — 원본 전표 검토 권고,"전표 전체 라인 및 관련 문서(PO, 청구서) 종합 검토 필요"
4900000013,3,EU01,2022,11,13,2022-02-09,102.0,100.0,벤더 없는 거래 유형,0.42439276,15,저위험,다중 피처 복합 패턴 — 원본 전표 검토 권고,"전표 전체 라인 및 관련 문서(PO, 청구서) 종합 검토 필요"
90001139,2,C003,2022,7,9,2022-03-29,19035.0,9517.5,벤더 없는 거래 유형,0.42424226,15,저위험,다중 피처 복합 패턴 — 원본 전표 검토 권고,"전표 전체 라인 및 관련 문서(PO, 청구서) 종합 검토 필요"
90000273,4,C001,2022,2,9,2022-03-15,1545.0,447.5,벤더 없는 거래 유형,0.42343655,15,저위험,다중 피처 복합 패턴 — 원본 전표 검토 권고,"전표 전체 라인 및 관련 문서(PO, 청구서) 종합 검토 필요"
90000531,5,C005,2022,2,9,2022-03-27,15422.07,7710.0,벤더 없는 거래 유형,0.42341924,15,저위험,다중 피처 복합 패턴 — 원본 전표 검토 권고,"전표 전체 라인 및 관련 문서(PO, 청구서) 종합 검토 필요"
100000015,6,C002,2022,3,0,2022-02-07,17288.0,4932.0,벤더 없는 거래 유형,0.4227414,15,저위험,다중 피처 복합 패턴 — 원본 전표 검토 권고,"전표 전체 라인 및 관련 문서(PO, 청구서) 종합 검토 필요"
4900000041,2,USA1,2022,11,13,2022-02-07,20.0,10.0,벤더 없는 거래 유형,0.42201152,15,저위험,다중 피처 복합 패턴 — 원본 전표 검토 권고,"전표 전체 라인 및 관련 문서(PO, 청구서) 종합 검토 필요"
90000555,5,C005,2022,2,9,2022-03-27,7617.0599999999995,3807.0,벤더 없는 거래 유형,0.42162138,15,저위험,다중 피처 복합 패턴 — 원본 전표 검토 권고,"전표 전체 라인 및 관련 문서(PO, 청구서) 종합 검토 필요"
90000547,3,C005,2022,2,9,2022-03-27,3.93,1.31,벤더 없는 거래 유형,0.42033917,15,저위험,다중 피처 복합 패턴 — 원본 전표 검토 권고,"전표 전체 라인 및 관련 문서(PO, 청구서) 종합 검토 필요"
90000529,3,C005,2022,2,9,2022-03-27,4.17,1.39,벤더 없는 거래 유형,0.4200235,15,저위험,다중 피처 복합 패턴 — 원본 전표 검토 권고,"전표 전체 라인 및 관련 문서(PO, 청구서) 종합 검토 필요"
90000551,3,C005,2022,2,9,2022-03-27,4.35,1.45,벤더 없는 거래 유형,0.41979626,15,저위험,다중 피처 복합 패턴 — 원본 전표 검토 권고,"전표 전체 라인 및 관련 문서(PO, 청구서) 종합 검토 필요"
90000549,3,C005,2022,2,9,2022-03-27,4.800000000000001,1.6,벤더 없는 거래 유형,0.41925925,15,저위험,다중 피처 복합 패턴 — 원본 전표 검토 권고,"전표 전체 라인 및 관련 문서(PO, 청구서) 종합 검토 필요"
90000560,2,C003,2022,7,9,2022-03-28,15132.0,7566.0,벤더 없는 거래 유형,0.41899255,15,저위험,다중 피처 복합 패턴 — 원본 전표 검토 권고,"전표 전체 라인 및 관련 문서(PO, 청구서) 종합 검토 필요"
90000038,2,C001,2022,17,9,2022-01-11,511.0,255.5,벤더 없는 거래 유형,0.41898835,15,저위험,다중 피처 복합 패턴 — 원본 전표 검토 권고,"전표 전체 라인 및 관련 문서(PO, 청구서) 종합 검토 필요"
90000471,2,C003,2022,7,9,2022-03-28,20400.0,10200.0,벤더 없는 거래 유형,0.41884202,15,저위험,다중 피처 복합 패턴 — 원본 전표 검토 권고,"전표 전체 라인 및 관련 문서(PO, 청구서) 종합 검토 필요"
90000541,5,C005,2022,2,9,2022-03-27,15290.58,7642.5,벤더 없는 거래 유형,0.418423,15,저위험,다중 피처 복합 패턴 — 원본 전표 검토 권고,"전표 전체 라인 및 관련 문서(PO, 청구서) 종합 검토 필요"
90000553,5,C005,2022,2,9,2022-03-27,7170.0,3582.0,벤더 없는 거래 유형,0.41801512,15,저위험,다중 피처 복합 패턴 — 원본 전표 검토 권고,"전표 전체 라인 및 관련 문서(PO, 청구서) 종합 검토 필요"
5000000017,1,USA1,2022,8,12,2022-02-03,160.0,160.0,벤더 거래,0.41761783,15,저위험,다중 피처 복합 패턴 — 원본 전표 검토 권고,"전표 전체 라인 및 관련 문서(PO, 청구서) 종합 검토 필요"
90000537,3,C005,2022,2,9,2022-03-27,7.14,2.38,벤더 없는 거래 유형,0.41703108,15,저위험,다중 피처 복합 패턴 — 원본 전표 검토 권고,"전표 전체 라인 및 관련 문서(PO, 청구서) 종합 검토 필요"
90000535,3,C005,2022,2,9,2022-03-27,7.3500000000000005,2.45,벤더 없는 거래 유형,0.41686678,15,저위험,다중 피처 복합 패턴 — 원본 전표 검토 권고,"전표 전체 라인 및 관련 문서(PO, 청구서) 종합 검토 필요"
90000570,2,C003,2022,7,9,2022-03-28,14892.0,7446.0,벤더 없는 거래 유형,0.41644958,15,저위험,다중 피처 복합 패턴 — 원본 전표 검토 권고,"전표 전체 라인 및 관련 문서(PO, 청구서) 종합 검토 필요"
5000000001,1,USA1,2022,8,12,2022-01-19,90.0,90.0,벤더 거래,0.4164317,15,저위험,다중 피처 복합 패턴 — 원본 전표 검토 권고,"전표 전체 라인 및 관련 문서(PO, 청구서) 종합 검토 필요"
1400000023,4,C001,2022,1,3,2022-02-12,576.0,144.0,벤더 없는 거래 유형,0.41438973,15,저위험,다중 피처 복합 패턴 — 원본 전표 검토 권고,"전표 전체 라인 및 관련 문서(PO, 청구서) 종합 검토 필요"
90001185,2,C003,2022,7,9,2022-03-29,14550.0,7275.0,벤더 없는 거래 유형,0.41293636,15,저위험,다중 피처 복합 패턴 — 원본 전표 검토 권고,"전표 전체 라인 및 관련 문서(PO, 청구서) 종합 검토 필요"
90001478,6,C005,2022,2,9,2022-04-06,66.14,30.71,벤더 없는 거래 유형,0.4129316,15,저위험,다중 피처 복합 패턴 — 원본 전표 검토 권고,"전표 전체 라인 및 관련 문서(PO, 청구서) 종합 검토 필요"
90000200,4,C004,2022,17,9,2022-03-22,88.0,25.0,벤더 없는 거래 유형,0.411709,15,저위험,다중 피처 복합 패턴 — 원본 전표 검토 권고,"전표 전체 라인 및 관련 문서(PO, 청구서) 종합 검토 필요"
90001169,2,C003,2022,7,9,2022-03-29,16380.0,8190.0,벤더 없는 거래 유형,0.41043553,14,저위험,다중 피처 복합 패턴 — 원본 전표 검토 권고,"전표 전체 라인 및 관련 문서(PO, 청구서) 종합 검토 필요"
90001480,6,C005,2022,2,9,2022-04-06,100.47999999999999,46.65,벤더 없는 거래 유형,0.41016337,14,저위험,다중 피처 복합 패턴 — 원본 전표 검토 권고,"전표 전체 라인 및 관련 문서(PO, 청구서) 종합 검토 필요"
90000264,4,C003,2022,7,9,2022-03-28,20745.0,6915.0,벤더 없는 거래 유형,0.40934327,14,저위험,다중 피처 복합 패턴 — 원본 전표 검토 권고,"전표 전체 라인 및 관련 문서(PO, 청구서) 종합 검토 필요"
90000212,4,C005,2022,17,9,2022-03-22,1.04,0.32,벤더 없는 거래 유형,0.40898582,14,저위험,다중 피처 복합 패턴 — 원본 전표 검토 권고,"전표 전체 라인 및 관련 문서(PO, 청구서) 종합 검토 필요"
4900000092,2,EU01,2022,4,11,2022-04-02,10988.0,9998.0,벤더 없는 거래 유형,0.40891123,14,저위험,다중 피처 복합 패턴 — 원본 전표 검토 권고,"전표 전체 라인 및 관련 문서(PO, 청구서) 종합 검토 필요"
90000497,2,C003,2022,7,9,2022-03-28,18855.0,9427.5,벤더 없는 거래 유형,0.4086907,14,저위험,다중 피처 복합 패턴 — 원본 전표 검토 권고,"전표 전체 라인 및 관련 문서(PO, 청구서) 종합 검토 필요"
90001479,6,C005,2022,2,9,2022-04-06,144.16,66.92,벤더 없는 거래 유형,0.40757143,14,저위험,다중 피처 복합 패턴 — 원본 전표 검토 권고,"전표 전체 라인 및 관련 문서(PO, 청구서) 종합 검토 필요"
5000032371,1,USA1,2022,4,12,2022-03-20,11531311.0,11531311.0,벤더 거래,0.40755114,14,저위험,다중 피처 복합 패턴 — 원본 전표 검토 권고,"전표 전체 라인 및 관련 문서(PO, 청구서) 종합 검토 필요"
90000214,4,C005,2022,17,9,2022-03-22,1.96,0.5,벤더 없는 거래 유형,0.40691665,14,저위험,다중 피처 복합 패턴 — 원본 전표 검토 권고,"전표 전체 라인 및 관련 문서(PO, 청구서) 종합 검토 필요"
1400000025,2,C001,2022,1,3,2022-02-17,53163.0,26581.5,벤더 없는 거래 유형,0.40614694,14,저위험,다중 피처 복합 패턴 — 원본 전표 검토 권고,"전표 전체 라인 및 관련 문서(PO, 청구서) 종합 검토 필요"
90001196,2,C003,2022,7,9,2022-03-29,13800.0,6900.0,벤더 없는 거래 유형,0.4056763,14,저위험,다중 피처 복합 패턴 — 원본 전표 검토 권고,"전표 전체 라인 및 관련 문서(PO, 청구서) 종합 검토 필요"
90001180,2,C003,2022,7,9,2022-03-29,13776.0,6888.0,벤더 없는 거래 유형,0.40545171,14,저위험,다중 피처 복합 패턴 — 원본 전표 검토 권고,"전표 전체 라인 및 관련 문서(PO, 청구서) 종합 검토 필요"
1400000018,2,C001,2022,1,3,2022-01-27,27390.0,13695.0,벤더 없는 거래 유형,0.4047211,14,저위험,다중 피처 복합 패턴 — 원본 전표 검토 권고,"전표 전체 라인 및 관련 문서(PO, 청구서) 종합 검토 필요"
1400000038,4,C001,2022,1,3,2022-03-22,18902.4,4725.6,벤더 없는 거래 유형,0.40460622,14,저위험,다중 피처 복합 패턴 — 원본 전표 검토 권고,"전표 전체 라인 및 관련 문서(PO, 청구서) 종합 검토 필요"
1400000029,4,C001,2022,1,3,2022-03-14,39380.0,9845.0,벤더 없는 거래 유형,0.4045972,14,저위험,다중 피처 복합 패턴 — 원본 전표 검토 권고,"전표 전체 라인 및 관련 문서(PO, 청구서) 종합 검토 필요"
1400000041,4,C001,2022,1,3,2022-03-29,14916.0,3729.0,벤더 없는 거래 유형,0.40381598,14,저위험,다중 피처 복합 패턴 — 원본 전표 검토 권고,"전표 전체 라인 및 관련 문서(PO, 청구서) 종합 검토 필요"
90001194,2,C003,2022,7,9,2022-03-29,13512.0,6756.0,벤더 없는 거래 유형,0.4030137,14,저위험,다중 피처 복합 패턴 — 원본 전표 검토 권고,"전표 전체 라인 및 관련 문서(PO, 청구서) 종합 검토 필요"
5100000003,2,USA1,2022,19,8,2022-01-31,800.0,400.0,벤더 거래,0.4023559,14,저위험,다중 피처 복합 패턴 — 원본 전표 검토 권고,"전표 전체 라인 및 관련 문서(PO, 청구서) 종합 검토 필요"
1400000036,4,C001,2022,1,3,2022-03-22,1795.2,448.8,벤더 없는 거래 유형,0.40135226,14,저위험,다중 피처 복합 패턴 — 원본 전표 검토 권고,"전표 전체 라인 및 관련 문서(PO, 청구서) 종합 검토 필요"
90001135,2,C003,2022,7,9,2022-03-29,18075.0,9037.5,벤더 없는 거래 유형,0.3994718,14,저위험,다중 피처 복합 패턴 — 원본 전표 검토 권고,"전표 전체 라인 및 관련 문서(PO, 청구서) 종합 검토 필요"
1400000019,2,C001,2022,1,3,2022-01-27,3652.0,1826.0,벤더 없는 거래 유형,0.39922246,14,저위험,다중 피처 복합 패턴 — 원본 전표 검토 권고,"전표 전체 라인 및 관련 문서(PO, 청구서) 종합 검토 필요"
4900000099,2,EU01,2022,4,11,2022-04-02,24148763.619999997,24043435.54,벤더 없는 거래 유형,0.39912876,14,저위험,다중 피처 복합 패턴 — 원본 전표 검토 권고,"전표 전체 라인 및 관련 문서(PO, 청구서) 종합 검토 필요"
1400000035,4,C001,2022,1,3,2022-03-19,21890.0,5472.5,벤더 없는 거래 유형,0.3978543,14,저위험,다중 피처 복합 패턴 — 원본 전표 검토 권고,"전표 전체 라인 및 관련 문서(PO, 청구서) 종합 검토 필요"
1400000020,2,C001,2022,1,3,2022-01-27,6732.0,3366.0,벤더 없는 거래 유형,0.39754823,14,저위험,다중 피처 복합 패턴 — 원본 전표 검토 권고,"전표 전체 라인 및 관련 문서(PO, 청구서) 종합 검토 필요"
1400000021,2,C001,2022,1,3,2022-01-27,7876.0,3938.0,벤더 없는 거래 유형,0.39723727,14,저위험,다중 피처 복합 패턴 — 원본 전표 검토 권고,"전표 전체 라인 및 관련 문서(PO, 청구서) 종합 검토 필요"
1400000030,4,C001,2022,1,3,2022-03-14,21890.0,5472.5,벤더 없는 거래 유형,0.39679146,14,저위험,다중 피처 복합 패턴 — 원본 전표 검토 권고,"전표 전체 라인 및 관련 문서(PO, 청구서) 종합 검토 필요"
4900000010,1,EU01,2022,13,11,2022-01-25,180.0,180.0,벤더 없는 거래 유형,0.3955626,14,저위험,다중 피처 복합 패턴 — 원본 전표 검토 권고,"전표 전체 라인 및 관련 문서(PO, 청구서) 종합 검토 필요"
5000032645,1,USA1,2022,4,12,2022-03-12,47977.0,47977.0,벤더 거래,0.39426884,14,저위험,다중 피처 복합 패턴 — 원본 전표 검토 권고,"전표 전체 라인 및 관련 문서(PO, 청구서) 종합 검토 필요"
90000492,2,C003,2022,7,9,2022-03-28,17475.0,8737.5,벤더 없는 거래 유형,0.39291683,14,저위험,다중 피처 복합 패턴 — 원본 전표 검토 권고,"전표 전체 라인 및 관련 문서(PO, 청구서) 종합 검토 필요"
90001145,2,C003,2022,7,9,2022-03-29,16320.0,8160.0,벤더 없는 거래 유형,0.39264148,14,저위험,다중 피처 복합 패턴 — 원본 전표 검토 권고,"전표 전체 라인 및 관련 문서(PO, 청구서) 종합 검토 필요"
90000079,2,C001,2022,17,9,2022-02-22,9950.0,4975.0,벤더 없는 거래 유형,0.3925672,14,저위험,다중 피처 복합 패턴 — 원본 전표 검토 권고,"전표 전체 라인 및 관련 문서(PO, 청구서) 종합 검토 필요"
90001075,2,C003,2022,7,9,2022-03-29,18375.0,9187.5,벤더 없는 거래 유형,0.39216292,14,저위험,다중 피처 복합 패턴 — 원본 전표 검토 권고,"전표 전체 라인 및 관련 문서(PO, 청구서) 종합 검토 필요"
90001173,2,C003,2022,7,9,2022-03-29,14568.0,7284.0,벤더 없는 거래 유형,0.3910668,14,저위험,다중 피처 복합 패턴 — 원본 전표 검토 권고,"전표 전체 라인 및 관련 문서(PO, 청구서) 종합 검토 필요"
5000032310,1,USA1,2022,4,12,2022-03-20,85388.0,85388.0,벤더 거래,0.38977912,14,저위험,다중 피처 복합 패턴 — 원본 전표 검토 권고,"전표 전체 라인 및 관련 문서(PO, 청구서) 종합 검토 필요"
4900000016,1,EU01,2022,11,13,2022-02-23,10.0,10.0,벤더 없는 거래 유형,0.3893437,14,저위험,다중 피처 복합 패턴 — 원본 전표 검토 권고,"전표 전체 라인 및 관련 문서(PO, 청구서) 종합 검토 필요"
90000307,4,C003,2022,7,9,2022-03-28,19980.0,6660.0,벤더 없는 거래 유형,0.38898262,14,저위험,다중 피처 복합 패턴 — 원본 전표 검토 권고,"전표 전체 라인 및 관련 문서(PO, 청구서) 종합 검토 필요"
90000116,2,C003,2022,21,9,2022-03-22,14979.84,7489.92,벤더 없는 거래 유형,0.38708237,14,저위험,다중 피처 복합 패턴 — 원본 전표 검토 권고,"전표 전체 라인 및 관련 문서(PO, 청구서) 종합 검토 필요"
90001189,2,C003,2022,7,9,2022-03-29,11583.0,5791.5,벤더 없는 거래 유형,0.38696975,14,저위험,다중 피처 복합 패턴 — 원본 전표 검토 권고,"전표 전체 라인 및 관련 문서(PO, 청구서) 종합 검토 필요"
5000032376,1,USA1,2022,4,12,2022-03-19,1724599.0,1724599.0,벤더 거래,0.3866394,14,저위험,다중 피처 복합 패턴 — 원본 전표 검토 권고,"전표 전체 라인 및 관련 문서(PO, 청구서) 종합 검토 필요"
90001143,2,C003,2022,7,9,2022-03-29,15708.0,7854.0,벤더 없는 거래 유형,0.3861892,14,저위험,다중 피처 복합 패턴 — 원본 전표 검토 권고,"전표 전체 라인 및 관련 문서(PO, 청구서) 종합 검토 필요"
90000066,5,C001,2022,17,9,2022-02-02,23717.5,4922.5,벤더 없는 거래 유형,0.3858098,14,저위험,다중 피처 복합 패턴 — 원본 전표 검토 권고,"전표 전체 라인 및 관련 문서(PO, 청구서) 종합 검토 필요"
90000509,2,C001,2022,2,9,2022-03-18,633.16,316.58,벤더 없는 거래 유형,0.38575974,14,저위험,다중 피처 복합 패턴 — 원본 전표 검토 권고,"전표 전체 라인 및 관련 문서(PO, 청구서) 종합 검토 필요"
90000076,4,C003,2022,17,9,2022-03-21,469.6,214.8,벤더 없는 거래 유형,0.3857355,14,저위험,다중 피처 복합 패턴 — 원본 전표 검토 권고,"전표 전체 라인 및 관련 문서(PO, 청구서) 종합 검토 필요"
5000032506,1,USA1,2022,4,12,2022-03-06,1373939.0,1373939.0,벤더 거래,0.38559657,14,저위험,다중 피처 복합 패턴 — 원본 전표 검토 권고,"전표 전체 라인 및 관련 문서(PO, 청구서) 종합 검토 필요"
5000032493,1,USA1,2022,4,12,2022-03-05,996078.0,996078.0,벤더 거래,0.38451305,14,저위험,다중 피처 복합 패턴 — 원본 전표 검토 권고,"전표 전체 라인 및 관련 문서(PO, 청구서) 종합 검토 필요"
90001200,8,C003,2022,17,9,2022-04-24,6383.8,3743.55,벤더 없는 거래 유형,0.38388586,14,저위험,다중 피처 복합 패턴 — 원본 전표 검토 권고,"전표 전체 라인 및 관련 문서(PO, 청구서) 종합 검토 필요"
90000127,2,C003,2022,21,9,2022-03-22,14551.2,7275.6,벤더 없는 거래 유형,0.38375804,14,저위험,다중 피처 복합 패턴 — 원본 전표 검토 권고,"전표 전체 라인 및 관련 문서(PO, 청구서) 종합 검토 필요"
90001123,2,C003,2022,7,9,2022-03-29,16524.0,8262.0,벤더 없는 거래 유형,0.38275695,14,저위험,다중 피처 복합 패턴 — 원본 전표 검토 권고,"전표 전체 라인 및 관련 문서(PO, 청구서) 종합 검토 필요"
90001146,2,C003,2022,7,9,2022-03-29,15330.0,7665.0,벤더 없는 거래 유형,0.38244015,13,저위험,다중 피처 복합 패턴 — 원본 전표 검토 권고,"전표 전체 라인 및 관련 문서(PO, 청구서) 종합 검토 필요"
90001070,2,C003,2022,7,9,2022-03-29,17535.0,8767.5,벤더 없는 거래 유형,0.3824088,13,저위험,다중 피처 복합 패턴 — 원본 전표 검토 권고,"전표 전체 라인 및 관련 문서(PO, 청구서) 종합 검토 필요"
90000306,2,C003,2022,21,9,2022-03-28,6820.0,3410.0,벤더 없는 거래 유형,0.38220075,13,저위험,다중 피처 복합 패턴 — 원본 전표 검토 권고,"전표 전체 라인 및 관련 문서(PO, 청구서) 종합 검토 필요"
90000565,2,C003,2022,7,9,2022-03-28,10908.0,5454.0,벤더 없는 거래 유형,0.38208053,13,저위험,다중 피처 복합 패턴 — 원본 전표 검토 권고,"전표 전체 라인 및 관련 문서(PO, 청구서) 종합 검토 필요"
90001184,2,C003,2022,7,9,2022-03-29,10884.0,5442.0,벤더 없는 거래 유형,0.3819131,13,저위험,다중 피처 복합 패턴 — 원본 전표 검토 권고,"전표 전체 라인 및 관련 문서(PO, 청구서) 종합 검토 필요"
1400000014,2,C001,2022,1,3,2022-01-23,52.8,26.4,벤더 없는 거래 유형,0.38057858,13,저위험,다중 피처 복합 패턴 — 원본 전표 검토 권고,"전표 전체 라인 및 관련 문서(PO, 청구서) 종합 검토 필요"
90000035,2,C001,2022,17,9,2022-01-11,110.0,55.0,벤더 없는 거래 유형,0.37849414,13,저위험,다중 피처 복합 패턴 — 원본 전표 검토 권고,"전표 전체 라인 및 관련 문서(PO, 청구서) 종합 검토 필요"
90001249,2,C001,2022,2,9,2022-03-31,31.98,15.99,벤더 없는 거래 유형,0.37645507,13,저위험,다중 피처 복합 패턴 — 원본 전표 검토 권고,"전표 전체 라인 및 관련 문서(PO, 청구서) 종합 검토 필요"
5100000023,1,USA1,2019,14,8,2019-01-25,500.0,500.0,벤더 거래,0.37597692,13,저위험,다중 피처 복합 패턴 — 원본 전표 검토 권고,"전표 전체 라인 및 관련 문서(PO, 청구서) 종합 검토 필요"
5100000024,1,USA1,2019,14,8,2019-01-25,500.0,500.0,벤더 거래,0.37597692,13,저위험,다중 피처 복합 패턴 — 원본 전표 검토 권고,"전표 전체 라인 및 관련 문서(PO, 청구서) 종합 검토 필요"
5100000025,1,USA1,2019,14,8,2019-01-25,500.0,500.0,벤더 거래,0.37597692,13,저위험,다중 피처 복합 패턴 — 원본 전표 검토 권고,"전표 전체 라인 및 관련 문서(PO, 청구서) 종합 검토 필요"
90000125,2,C003,2022,21,9,2022-03-22,13186.32,6593.16,벤더 없는 거래 유형,0.37435973,13,저위험,다중 피처 복합 패턴 — 원본 전표 검토 권고,"전표 전체 라인 및 관련 문서(PO, 청구서) 종합 검토 필요"
90001124,2,C003,2022,7,9,2022-03-29,15672.0,7836.0,벤더 없는 거래 유형,0.37426615,13,저위험,다중 피처 복합 패턴 — 원본 전표 검토 권고,"전표 전체 라인 및 관련 문서(PO, 청구서) 종합 검토 필요"
90000028,2,C003,2022,17,9,2022-01-25,13500.0,6750.0,벤더 없는 거래 유형,0.37398013,13,저위험,다중 피처 복합 패턴 — 원본 전표 검토 권고,"전표 전체 라인 및 관련 문서(PO, 청구서) 종합 검토 필요"
90000037,2,C003,2022,21,9,2022-03-09,40.0,20.0,벤더 없는 거래 유형,0.37391546,13,저위험,다중 피처 복합 패턴 — 원본 전표 검토 권고,"전표 전체 라인 및 관련 문서(PO, 청구서) 종합 검토 필요"
90001179,2,C003,2022,7,9,2022-03-29,9540.0,4770.0,벤더 없는 거래 유형,0.37313446,13,저위험,다중 피처 복합 패턴 — 원본 전표 검토 권고,"전표 전체 라인 및 관련 문서(PO, 청구서) 종합 검토 필요"
90000092,2,C003,2022,17,9,2022-03-22,102.6,51.3,벤더 없는 거래 유형,0.37298387,13,저위험,다중 피처 복합 패턴 — 원본 전표 검토 권고,"전표 전체 라인 및 관련 문서(PO, 청구서) 종합 검토 필요"
4900000120,1,USA1,2022,19,11,2022-03-31,1173136520.0,1173136520.0,벤더 없는 거래 유형,0.3729489,13,저위험,다중 피처 복합 패턴 — 원본 전표 검토 권고,"전표 전체 라인 및 관련 문서(PO, 청구서) 종합 검토 필요"
90001074,2,C003,2022,7,9,2022-03-29,16632.0,8316.0,벤더 없는 거래 유형,0.37273368,13,저위험,다중 피처 복합 패턴 — 원본 전표 검토 권고,"전표 전체 라인 및 관련 문서(PO, 청구서) 종합 검토 필요"
90000512,2,C003,2022,7,9,2022-03-28,15468.0,7734.0,벤더 없는 거래 유형,0.37233502,13,저위험,다중 피처 복합 패턴 — 원본 전표 검토 권고,"전표 전체 라인 및 관련 문서(PO, 청구서) 종합 검토 필요"
90000062,2,C001,2022,3,9,2022-02-01,7160.0,3580.0,벤더 없는 거래 유형,0.37135676,13,저위험,다중 피처 복합 패턴 — 원본 전표 검토 권고,"전표 전체 라인 및 관련 문서(PO, 청구서) 종합 검토 필요"
4900000165,1,USA1,2022,4,11,2022-04-02,1184200.0,1184200.0,벤더 없는 거래 유형,0.3712604,13,저위험,다중 피처 복합 패턴 — 원본 전표 검토 권고,"전표 전체 라인 및 관련 문서(PO, 청구서) 종합 검토 필요"
90001176,2,C003,2022,7,9,2022-03-29,9120.0,4560.0,벤더 없는 거래 유형,0.37087947,13,저위험,다중 피처 복합 패턴 — 원본 전표 검토 권고,"전표 전체 라인 및 관련 문서(PO, 청구서) 종합 검토 필요"
90001177,2,C003,2022,7,9,2022-03-29,9084.0,4542.0,벤더 없는 거래 유형,0.3706926,13,저위험,다중 피처 복합 패턴 — 원본 전표 검토 권고,"전표 전체 라인 및 관련 문서(PO, 청구서) 종합 검토 필요"
90001087,2,C003,2022,7,9,2022-03-29,15924.0,7962.0,벤더 없는 거래 유형,0.3691836,13,저위험,다중 피처 복합 패턴 — 원본 전표 검토 권고,"전표 전체 라인 및 관련 문서(PO, 청구서) 종합 검토 필요"
1400000013,2,C001,2022,1,3,2022-01-23,167.2,83.6,벤더 없는 거래 유형,0.36904654,13,저위험,다중 피처 복합 패턴 — 원본 전표 검토 권고,"전표 전체 라인 및 관련 문서(PO, 청구서) 종합 검토 필요"
90000459,2,C003,2022,7,9,2022-03-28,16272.0,8136.0,벤더 없는 거래 유형,0.3689632,13,저위험,다중 피처 복합 패턴 — 원본 전표 검토 권고,"전표 전체 라인 및 관련 문서(PO, 청구서) 종합 검토 필요"
90000482,2,C003,2022,7,9,2022-03-28,15888.0,7944.0,벤더 없는 거래 유형,0.3688373,13,저위험,다중 피처 복합 패턴 — 원본 전표 검토 권고,"전표 전체 라인 및 관련 문서(PO, 청구서) 종합 검토 필요"
90000499,2,C003,2022,7,9,2022-03-28,15012.0,7506.0,벤더 없는 거래 유형,0.3681415,13,저위험,다중 피처 복합 패턴 — 원본 전표 검토 권고,"전표 전체 라인 및 관련 문서(PO, 청구서) 종합 검토 필요"
90000387,2,C001,2022,21,9,2022-03-15,895.0,447.5,벤더 없는 거래 유형,0.36793518,13,저위험,다중 피처 복합 패턴 — 원본 전표 검토 권고,"전표 전체 라인 및 관련 문서(PO, 청구서) 종합 검토 필요"
90000514,2,C003,2022,7,9,2022-03-28,13680.0,6840.0,벤더 없는 거래 유형,0.36784306,13,저위험,다중 피처 복합 패턴 — 원본 전표 검토 권고,"전표 전체 라인 및 관련 문서(PO, 청구서) 종합 검토 필요"
90000055,2,C003,2022,7,9,2022-03-19,13632.0,6816.0,벤더 없는 거래 유형,0.36776465,13,저위험,다중 피처 복합 패턴 — 원본 전표 검토 권고,"전표 전체 라인 및 관련 문서(PO, 청구서) 종합 검토 필요"
5000032080,1,USA1,2022,4,12,2022-01-08,10895346.0,10895346.0,벤더 거래,0.3674807,13,저위험,다중 피처 복합 패턴 — 원본 전표 검토 권고,"전표 전체 라인 및 관련 문서(PO, 청구서) 종합 검토 필요"
4900000081,1,USA1,2020,11,13,2020-02-15,2.0,2.0,벤더 없는 거래 유형,0.36611754,13,저위험,다중 피처 복합 패턴 — 원본 전표 검토 권고,"전표 전체 라인 및 관련 문서(PO, 청구서) 종합 검토 필요"
90000454,2,C003,2022,7,9,2022-03-28,15948.0,7974.0,벤더 없는 거래 유형,0.36567873,13,저위험,다중 피처 복합 패턴 — 원본 전표 검토 권고,"전표 전체 라인 및 관련 문서(PO, 청구서) 종합 검토 필요"
1400000016,2,C001,2022,1,3,2022-01-23,264.0,132.0,벤더 없는 거래 유형,0.36565617,13,저위험,다중 피처 복합 패턴 — 원본 전표 검토 권고,"전표 전체 라인 및 관련 문서(PO, 청구서) 종합 검토 필요"
5100000014,1,USA1,2022,22,8,2022-02-10,10.0,10.0,벤더 거래,0.364964,13,저위험,다중 피처 복합 패턴 — 원본 전표 검토 권고,"전표 전체 라인 및 관련 문서(PO, 청구서) 종합 검토 필요"
90001190,2,C003,2022,7,9,2022-03-29,7695.0,3847.5,벤더 없는 거래 유형,0.3642545,13,저위험,다중 피처 복합 패턴 — 원본 전표 검토 권고,"전표 전체 라인 및 관련 문서(PO, 청구서) 종합 검토 필요"
100000016,2,C002,2022,3,0,2022-02-07,512.0,256.0,벤더 없는 거래 유형,0.3635831,13,저위험,다중 피처 복합 패턴 — 원본 전표 검토 권고,"전표 전체 라인 및 관련 문서(PO, 청구서) 종합 검토 필요"
90000596,2,C003,2022,7,9,2022-03-28,20820.0,10410.0,벤더 없는 거래 유형,0.3634056,13,저위험,다중 피처 복합 패턴 — 원본 전표 검토 권고,"전표 전체 라인 및 관련 문서(PO, 청구서) 종합 검토 필요"
90001183,2,C003,2022,7,9,2022-03-29,7452.0,3726.0,벤더 없는 거래 유형,0.3632795,13,저위험,다중 피처 복합 패턴 — 원본 전표 검토 권고,"전표 전체 라인 및 관련 문서(PO, 청구서) 종합 검토 필요"
90001150,2,C003,2022,7,9,2022-03-29,13080.0,6540.0,벤더 없는 거래 유형,0.36325955,13,저위험,다중 피처 복합 패턴 — 원본 전표 검토 권고,"전표 전체 라인 및 관련 문서(PO, 청구서) 종합 검토 필요"
90000023,2,C002,2022,12,9,2022-02-07,6400.0,3200.0,벤더 없는 거래 유형,0.36321753,13,저위험,다중 피처 복합 패턴 — 원본 전표 검토 권고,"전표 전체 라인 및 관련 문서(PO, 청구서) 종합 검토 필요"
90001174,2,C003,2022,7,9,2022-03-29,10935.0,5467.5,벤더 없는 거래 유형,0.3629448,13,저위험,다중 피처 복합 패턴 — 원본 전표 검토 권고,"전표 전체 라인 및 관련 문서(PO, 청구서) 종합 검토 필요"
1400000012,2,C001,2022,1,3,2022-01-23,1683.0,841.5,벤더 없는 거래 유형,0.3629174,13,저위험,다중 피처 복합 패턴 — 원본 전표 검토 권고,"전표 전체 라인 및 관련 문서(PO, 청구서) 종합 검토 필요"
90000571,2,C003,2022,7,9,2022-03-28,7305.0,3652.5,벤더 없는 거래 유형,0.36275092,13,저위험,다중 피처 복합 패턴 — 원본 전표 검토 권고,"전표 전체 라인 및 관련 문서(PO, 청구서) 종합 검토 필요"
1400000017,2,C001,2022,1,3,2022-01-23,457.6,228.8,벤더 없는 거래 유형,0.36253017,13,저위험,다중 피처 복합 패턴 — 원본 전표 검토 권고,"전표 전체 라인 및 관련 문서(PO, 청구서) 종합 검토 필요"
90001175,2,C003,2022,7,9,2022-03-29,10848.0,5424.0,벤더 없는 거래 유형,0.36238405,13,저위험,다중 피처 복합 패턴 — 원본 전표 검토 권고,"전표 전체 라인 및 관련 문서(PO, 청구서) 종합 검토 필요"
90001104,2,C003,2022,7,9,2022-03-29,15132.0,7566.0,벤더 없는 거래 유형,0.36184305,13,저위험,다중 피처 복합 패턴 — 원본 전표 검토 권고,"전표 전체 라인 및 관련 문서(PO, 청구서) 종합 검토 필요"
1400000015,2,C001,2022,1,3,2022-01-23,7304.0,3652.0,벤더 없는 거래 유형,0.36129862,13,저위험,다중 피처 복합 패턴 — 원본 전표 검토 권고,"전표 전체 라인 및 관련 문서(PO, 청구서) 종합 검토 필요"
90000074,2,C003,2022,7,9,2022-03-19,12288.0,6144.0,벤더 없는 거래 유형,0.36082098,13,저위험,다중 피처 복합 패턴 — 원본 전표 검토 권고,"전표 전체 라인 및 관련 문서(PO, 청구서) 종합 검토 필요"
90001078,2,C003,2022,7,9,2022-03-29,14940.0,7470.0,벤더 없는 거래 유형,0.36014056,13,저위험,다중 피처 복합 패턴 — 원본 전표 검토 권고,"전표 전체 라인 및 관련 문서(PO, 청구서) 종합 검토 필요"
90000566,2,C003,2022,7,9,2022-03-28,6240.0,3120.0,벤더 없는 거래 유형,0.3597005,13,저위험,다중 피처 복합 패턴 — 원본 전표 검토 권고,"전표 전체 라인 및 관련 문서(PO, 청구서) 종합 검토 필요"
4900000049,1,USA1,2022,11,13,2022-02-28,1.0,1.0,벤더 없는 거래 유형,0.35930714,13,저위험,다중 피처 복합 패턴 — 원본 전표 검토 권고,"전표 전체 라인 및 관련 문서(PO, 청구서) 종합 검토 필요"
4900000051,1,USA1,2022,11,13,2022-02-28,1.0,1.0,벤더 없는 거래 유형,0.35930714,13,저위험,다중 피처 복합 패턴 — 원본 전표 검토 권고,"전표 전체 라인 및 관련 문서(PO, 청구서) 종합 검토 필요"
4900000053,1,USA1,2022,11,13,2022-02-28,1.0,1.0,벤더 없는 거래 유형,0.35930714,13,저위험,다중 피처 복합 패턴 — 원본 전표 검토 권고,"전표 전체 라인 및 관련 문서(PO, 청구서) 종합 검토 필요"
90000024,4,C003,2022,17,9,2022-01-25,248.0,105.0,벤더 없는 거래 유형,0.35904092,13,저위험,다중 피처 복합 패턴 — 원본 전표 검토 권고,"전표 전체 라인 및 관련 문서(PO, 청구서) 종합 검토 필요"
90001188,2,C003,2022,7,9,2022-03-29,5940.0,2970.0,벤더 없는 거래 유형,0.35902324,13,저위험,다중 피처 복합 패턴 — 원본 전표 검토 권고,"전표 전체 라인 및 관련 문서(PO, 청구서) 종합 검토 필요"
90001192,2,C003,2022,7,9,2022-03-29,5874.0,2937.0,벤더 없는 거래 유형,0.35888273,13,저위험,다중 피처 복합 패턴 — 원본 전표 검토 권고,"전표 전체 라인 및 관련 문서(PO, 청구서) 종합 검토 필요"
90001168,3,C001,2022,21,9,2022-03-27,9949.5,3316.5,벤더 없는 거래 유형,0.3587762,13,저위험,다중 피처 복합 패턴 — 원본 전표 검토 권고,"전표 전체 라인 및 관련 문서(PO, 청구서) 종합 검토 필요"
90000572,2,C003,2022,7,9,2022-03-28,5748.0,2874.0,벤더 없는 거래 유형,0.3586224,13,저위험,다중 피처 복합 패턴 — 원본 전표 검토 권고,"전표 전체 라인 및 관련 문서(PO, 청구서) 종합 검토 필요"
90001056,2,C003,2022,7,9,2022-03-29,20790.0,10395.0,벤더 없는 거래 유형,0.3584221,13,저위험,다중 피처 복합 패턴 — 원본 전표 검토 권고,"전표 전체 라인 및 관련 문서(PO, 청구서) 종합 검토 필요"
90000059,2,C003,2022,7,9,2022-03-19,11775.0,5887.5,벤더 없는 거래 유형,0.35836965,13,저위험,다중 피처 복합 패턴 — 원본 전표 검토 권고,"전표 전체 라인 및 관련 문서(PO, 청구서) 종합 검토 필요"
90001181,2,C003,2022,7,9,2022-03-29,5610.0,2805.0,벤더 없는 거래 유형,0.35834998,13,저위험,다중 피처 복합 패턴 — 원본 전표 검토 권고,"전표 전체 라인 및 관련 문서(PO, 청구서) 종합 검토 필요"
90000121,2,C003,2022,21,9,2022-03-22,9836.16,4918.08,벤더 없는 거래 유형,0.3580533,13,저위험,다중 피처 복합 패턴 — 원본 전표 검토 권고,"전표 전체 라인 및 관련 문서(PO, 청구서) 종합 검토 필요"
90000190,2,C002,2022,17,9,2022-03-22,68.0,34.0,벤더 없는 거래 유형,0.3580068,13,저위험,다중 피처 복합 패턴 — 원본 전표 검토 권고,"전표 전체 라인 및 관련 문서(PO, 청구서) 종합 검토 필요"
90000568,2,C003,2022,7,9,2022-03-28,5418.0,2709.0,벤더 없는 거래 유형,0.35799158,13,저위험,다중 피처 복합 패턴 — 원본 전표 검토 권고,"전표 전체 라인 및 관련 문서(PO, 청구서) 종합 검토 필요"
90001137,2,C003,2022,7,9,2022-03-29,12294.0,6147.0,벤더 없는 거래 유형,0.3577124,13,저위험,다중 피처 복합 패턴 — 원본 전표 검토 권고,"전표 전체 라인 및 관련 문서(PO, 청구서) 종합 검토 필요"
90000027,2,C003,2022,17,9,2022-01-25,300.0,150.0,벤더 없는 거래 유형,0.3574633,13,저위험,다중 피처 복합 패턴 — 원본 전표 검토 권고,"전표 전체 라인 및 관련 문서(PO, 청구서) 종합 검토 필요"
90001153,2,C003,2022,7,9,2022-03-29,12252.0,6126.0,벤더 없는 거래 유형,0.35743052,13,저위험,다중 피처 복합 패턴 — 원본 전표 검토 권고,"전표 전체 라인 및 관련 문서(PO, 청구서) 종합 검토 필요"
90000117,2,C003,2022,21,9,2022-03-22,9630.3,4815.15,벤더 없는 거래 유형,0.3573131,13,저위험,다중 피처 복합 패턴 — 원본 전표 검토 권고,"전표 전체 라인 및 관련 문서(PO, 청구서) 종합 검토 필요"
90001187,2,C003,2022,7,9,2022-03-29,4854.0,2427.0,벤더 없는 거래 유형,0.35707623,13,저위험,다중 피처 복합 패턴 — 원본 전표 검토 권고,"전표 전체 라인 및 관련 문서(PO, 청구서) 종합 검토 필요"
4900000112,1,USA1,2022,19,11,2022-03-31,815830320.0,815830320.0,벤더 없는 거래 유형,0.35696262,13,저위험,다중 피처 복합 패턴 — 원본 전표 검토 권고,"전표 전체 라인 및 관련 문서(PO, 청구서) 종합 검토 필요"
4900000073,2,C004,2022,17,11,2022-02-01,468080.0,234040.0,벤더 없는 거래 유형,0.3569021,13,저위험,다중 피처 복합 패턴 — 원본 전표 검토 권고,"전표 전체 라인 및 관련 문서(PO, 청구서) 종합 검토 필요"
90000470,2,C003,2022,7,9,2022-03-28,15024.0,7512.0,벤더 없는 거래 유형,0.35687736,13,저위험,다중 피처 복합 패턴 — 원본 전표 검토 권고,"전표 전체 라인 및 관련 문서(PO, 청구서) 종합 검토 필요"
90001138,2,C003,2022,7,9,2022-03-29,12156.0,6078.0,벤더 없는 거래 유형,0.35679165,13,저위험,다중 피처 복합 패턴 — 원본 전표 검토 권고,"전표 전체 라인 및 관련 문서(PO, 청구서) 종합 검토 필요"
90000484,2,C003,2022,7,9,2022-03-28,13656.0,6828.0,벤더 없는 거래 유형,0.356671,13,저위험,다중 피처 복합 패턴 — 원본 전표 검토 권고,"전표 전체 라인 및 관련 문서(PO, 청구서) 종합 검토 필요"
90000561,2,C003,2022,7,9,2022-03-28,4545.0,2272.5,벤더 없는 거래 유형,0.3566578,13,저위험,다중 피처 복합 패턴 — 원본 전표 검토 권고,"전표 전체 라인 및 관련 문서(PO, 청구서) 종합 검토 필요"
90000128,2,C003,2022,21,9,2022-03-22,1446.66,723.33,벤더 없는 거래 유형,0.35654038,13,저위험,다중 피처 복합 패턴 — 원본 전표 검토 권고,"전표 전체 라인 및 관련 문서(PO, 청구서) 종합 검토 필요"
90000006,2,C004,2022,17,9,2022-01-31,200.0,100.0,벤더 없는 거래 유형,0.35633242,13,저위험,다중 피처 복합 패턴 — 원본 전표 검토 권고,"전표 전체 라인 및 관련 문서(PO, 청구서) 종합 검토 필요"
90001164,2,C003,2022,7,9,2022-03-29,12084.0,6042.0,벤더 없는 거래 유형,0.35631764,13,저위험,다중 피처 복합 패턴 — 원본 전표 검토 권고,"전표 전체 라인 및 관련 문서(PO, 청구서) 종합 검토 필요"
90000017,2,C002,2022,3,9,2022-02-07,6400.0,3200.0,벤더 없는 거래 유형,0.35630634,13,저위험,다중 피처 복합 패턴 — 원본 전표 검토 권고,"전표 전체 라인 및 관련 문서(PO, 청구서) 종합 검토 필요"
90000018,2,C002,2022,3,9,2022-02-07,6400.0,3200.0,벤더 없는 거래 유형,0.35630634,13,저위험,다중 피처 복합 패턴 — 원본 전표 검토 권고,"전표 전체 라인 및 관련 문서(PO, 청구서) 종합 검토 필요"
90000559,2,C003,2022,7,9,2022-03-28,4236.0,2118.0,벤더 없는 거래 유형,0.35629424,13,저위험,다중 피처 복합 패턴 — 원본 전표 검토 권고,"전표 전체 라인 및 관련 문서(PO, 청구서) 종합 검토 필요"
90000113,2,C003,2022,21,9,2022-03-22,9306.0,4653.0,벤더 없는 거래 유형,0.3562217,13,저위험,다중 피처 복합 패턴 — 원본 전표 검토 권고,"전표 전체 라인 및 관련 문서(PO, 청구서) 종합 검토 필요"
90001178,2,C003,2022,7,9,2022-03-29,4116.0,2058.0,벤더 없는 거래 유형,0.35616714,13,저위험,다중 피처 복합 패턴 — 원본 전표 검토 권고,"전표 전체 라인 및 관련 문서(PO, 청구서) 종합 검토 필요"
